Rank,Country name,Regional indicator,Happiness score,Explained by: Log GDP per capita,Explained by: Social support,Explained by: Healthy life expectancy,Explained by: Freedom to make life choices,Explained by: Generosity,Explained by: Perceptions of corruption,Year,Dystopia + residual,upperwhisker,lowerwhisker,Logged GDP per capita,Generosity,Freedom to make life choices,Healthy life expectancy,Social support,Perceptions of corruption,Ladder score in Dystopia,Dystopia
1,Finland,Western Europe,7.769,1.34,1.587,0.986,0.596,0.153,0.393,2019,,,,,,,,,,,
2,Denmark,Western Europe,7.6,1.383,1.573,0.996,0.592,0.252,0.41,2019,,,,,,,,,,,
3,Norway,Western Europe,7.554,1.488,1.582,1.028,0.603,0.271,0.341,2019,,,,,,,,,,,
6,Switzerland,Western Europe,7.48,1.452,1.526,1.052,0.572,0.263,0.343,2019,,,,,,,,,,,
4,Iceland,Western Europe,7.494,1.38,1.624,1.026,0.591,0.354,0.118,2019,,,,,,,,,,,
5,Netherlands,Western Europe,7.488,1.396,1.522,0.999,0.557,0.322,0.298,2019,,,,,,,,,,,
7,Sweden,Western Europe,7.343,1.387,1.487,1.009,0.574,0.267,0.373,2019,,,,,,,,,,,
8,New Zealand,North America and ANZ,7.307,1.303,1.557,1.026,0.585,0.33,0.38,2019,,,,,,,,,,,
9,Canada,North America and ANZ,7.278,1.365,1.505,1.039,0.584,0.285,0.308,2019,,,,,,,,,,,
10,Austria,Western Europe,7.246,1.376,1.475,1.016,0.532,0.244,0.226,2019,,,,,,,,,,,
14,Luxembourg,Western Europe,7.09,1.609,1.479,1.012,0.526,0.194,0.316,2019,,,,,,,,,,,
11,Australia,North America and ANZ,7.228,1.372,1.548,1.036,0.557,0.332,0.29,2019,,,,,,,,,,,
12,Costa Rica,Latin America and Caribbean,7.167,1.034,1.441,0.963,0.558,0.144,0.093,2019,,,,,,,,,,,
13,Israel,Middle East and North Africa,7.139,1.276,1.455,1.029,0.371,0.261,0.082,2019,,,,,,,,,,,
15,United Kingdom,Western Europe,7.054,1.333,1.538,0.996,0.45,0.348,0.278,2019,,,,,,,,,,,
16,Ireland,Western Europe,7.021,1.499,1.553,0.999,0.516,0.298,0.31,2019,,,,,,,,,,,
17,Germany,Western Europe,6.985,1.373,1.454,0.987,0.495,0.261,0.265,2019,,,,,,,,,,,
18,Belgium,Western Europe,6.923,1.356,1.504,0.986,0.473,0.16,0.21,2019,,,,,,,,,,,
19,United States,North America and ANZ,6.892,1.433,1.457,0.874,0.454,0.28,0.128,2019,,,,,,,,,,,
20,Czech Republic,Central and Eastern Europe,6.852,1.269,1.487,0.92,0.457,0.046,0.036,2019,,,,,,,,,,,
21,United Arab Emirates,Middle East and North Africa,6.825,1.503,1.31,0.825,0.598,0.262,0.182,2019,,,,,,,,,,,
22,Malta,Western Europe,6.726,1.3,1.52,0.999,0.564,0.375,0.151,2019,,,,,,,,,,,
23,Mexico,Latin America and Caribbean,6.595,1.07,1.323,0.861,0.433,0.074,0.073,2019,,,,,,,,,,,
24,France,Western Europe,6.592,1.324,1.472,1.045,0.436,0.111,0.183,2019,,,,,,,,,,,
26,Chile,Latin America and Caribbean,6.444,1.159,1.369,0.92,0.357,0.187,0.056,2019,,,,,,,,,,,
33,Uruguay,Latin America and Caribbean,6.293,1.124,1.465,0.891,0.523,0.127,0.15,2019,,,,,,,,,,,
27,Guatemala,Latin America and Caribbean,6.436,0.8,1.269,0.746,0.535,0.175,0.078,2019,,,,,,,,,,,
28,Saudi Arabia,Middle East and North Africa,6.375,1.403,1.357,0.795,0.439,0.08,0.132,2019,,,,,,,,,,,
30,Spain,Western Europe,6.354,1.286,1.484,1.062,0.362,0.153,0.079,2019,,,,,,,,,,,
36,Italy,Western Europe,6.223,1.294,1.488,1.039,0.231,0.158,0.03,2019,,,,,,,,,,,
31,Panama,Latin America and Caribbean,6.321,1.149,1.442,0.91,0.516,0.109,0.054,2019,,,,,,,,,,,
34,Singapore,Southeast Asia,6.262,1.572,1.463,1.141,0.556,0.271,0.453,2019,,,,,,,,,,,
32,Brazil,Latin America and Caribbean,6.3,1.004,1.439,0.802,0.39,0.099,0.086,2019,,,,,,,,,,,
44,Slovenia,Central and Eastern Europe,6.118,1.258,1.523,0.953,0.564,0.144,0.057,2019,,,,,,,,,,,
35,El Salvador,Latin America and Caribbean,6.253,0.794,1.242,0.789,0.43,0.093,0.074,2019,,,,,,,,,,,
46,Kosovo,Central and Eastern Europe,6.1,0.882,1.232,0.758,0.489,0.262,0.006,2019,,,,,,,,,,,
37,Bahrain,Middle East and North Africa,6.199,1.362,1.368,0.871,0.536,0.255,0.11,2019,,,,,,,,,,,
38,Slovakia,Central and Eastern Europe,6.198,1.246,1.504,0.881,0.334,0.121,0.014,2019,,,,,,,,,,,
41,Uzbekistan,Commonwealth of Independent States,6.174,0.745,1.529,0.756,0.631,0.322,0.24,2019,,,,,,,,,,,
40,Poland,Central and Eastern Europe,6.182,1.206,1.438,0.884,0.483,0.117,0.05,2019,,,,,,,,,,,
42,Lithuania,Central and Eastern Europe,6.149,1.238,1.515,0.818,0.291,0.043,0.042,2019,,,,,,,,,,,
43,Colombia,Latin America and Caribbean,6.125,0.985,1.41,0.841,0.47,0.099,0.034,2019,,,,,,,,,,,
45,Nicaragua,Latin America and Caribbean,6.105,0.694,1.325,0.835,0.435,0.2,0.127,2019,,,,,,,,,,,
49,Cyprus,Western Europe,6.046,1.263,1.223,1.042,0.406,0.19,0.041,2019,,,,,,,,,,,
47,Argentina,Latin America and Caribbean,6.086,1.092,1.432,0.881,0.471,0.066,0.05,2019,,,,,,,,,,,
48,Romania,Central and Eastern Europe,6.07,1.162,1.232,0.825,0.462,0.083,0.005,2019,,,,,,,,,,,
51,Kuwait,Middle East and North Africa,6.021,1.5,1.319,0.808,0.493,0.142,0.097,2019,,,,,,,,,,,
57,Mauritius,Sub-Saharan Africa,5.888,1.12,1.402,0.798,0.498,0.215,0.06,2019,,,,,,,,,,,
50,Ecuador,Latin America and Caribbean,6.028,0.912,1.312,0.868,0.498,0.126,0.087,2019,,,,,,,,,,,
60,Kazakhstan,Commonwealth of Independent States,5.809,1.173,1.508,0.729,0.41,0.146,0.096,2019,,,,,,,,,,,
55,Estonia,Central and Eastern Europe,5.893,1.237,1.528,0.874,0.495,0.103,0.161,2019,,,,,,,,,,,
52,Thailand,Southeast Asia,6.008,1.05,1.409,0.828,0.557,0.359,0.028,2019,,,,,,,,,,,
69,Philippines,Southeast Asia,5.631,0.807,1.293,0.657,0.558,0.117,0.107,2019,,,,,,,,,,,
53,Latvia,Central and Eastern Europe,5.94,1.187,1.465,0.812,0.264,0.075,0.064,2019,,,,,,,,,,,
62,Hungary,Central and Eastern Europe,5.758,1.201,1.41,0.828,0.199,0.081,0.02,2019,,,,,,,,,,,
54,South Korea,East Asia,5.895,1.301,1.219,1.036,0.159,0.175,0.056,2019,,,,,,,,,,,
56,Jamaica,Latin America and Caribbean,5.89,0.831,1.478,0.831,0.49,0.107,0.028,2019,,,,,,,,,,,
59,Honduras,Latin America and Caribbean,5.86,0.642,1.236,0.828,0.507,0.246,0.078,2019,,,,,,,,,,,
58,Japan,East Asia,5.886,1.327,1.419,1.088,0.445,0.069,0.14,2019,,,,,,,,,,,
66,Portugal,Western Europe,5.693,1.221,1.431,0.999,0.508,0.047,0.025,2019,,,,,,,,,,,
61,Bolivia,Latin America and Caribbean,5.779,0.776,1.209,0.706,0.511,0.137,0.064,2019,,,,,,,,,,,
63,Paraguay,Latin America and Caribbean,5.743,0.855,1.475,0.777,0.514,0.184,0.08,2019,,,,,,,,,,,
65,Peru,Latin America and Caribbean,5.697,0.96,1.274,0.854,0.455,0.083,0.027,2019,,,,,,,,,,,
70,Serbia,Central and Eastern Europe,5.603,1.004,1.383,0.854,0.282,0.137,0.039,2019,,,,,,,,,,,
67,Pakistan,South Asia,5.653,0.677,0.886,0.535,0.313,0.22,0.098,2019,,,,,,,,,,,
68,Russia,Commonwealth of Independent States,5.648,1.183,1.452,0.726,0.334,0.082,0.031,2019,,,,,,,,,,,
77,Dominican Republic,Latin America and Caribbean,5.425,1.015,1.401,0.779,0.497,0.113,0.101,2019,,,,,,,,,,,
78,Bosnia and Herzegovina,Central and Eastern Europe,5.386,0.945,1.212,0.845,0.212,0.263,0.006,2019,,,,,,,,,,,
71,Moldova,Commonwealth of Independent States,5.529,0.685,1.328,0.739,0.245,0.181,0,2019,,,,,,,,,,,
74,Tajikistan,Commonwealth of Independent States,5.467,0.493,1.098,0.718,0.389,0.23,0.144,2019,,,,,,,,,,,
72,Libya,Middle East and North Africa,5.525,1.044,1.303,0.673,0.416,0.133,0.152,2019,,,,,,,,,,,
73,Montenegro,Central and Eastern Europe,5.523,1.051,1.361,0.871,0.197,0.142,0.08,2019,,,,,,,,,,,
86,Kyrgyzstan,Commonwealth of Independent States,5.261,0.551,1.438,0.723,0.508,0.3,0.023,2019,,,,,,,,,,,
75,Croatia,Central and Eastern Europe,5.432,1.155,1.266,0.914,0.296,0.119,0.022,2019,,,,,,,,,,,
81,Belarus,Commonwealth of Independent States,5.323,1.067,1.465,0.789,0.235,0.094,0.142,2019,,,,,,,,,,,
82,Greece,Western Europe,5.287,1.181,1.156,0.999,0.067,0,0.034,2019,,,,,,,,,,,
79,Turkey,Middle East and North Africa,5.373,1.183,1.36,0.808,0.195,0.083,0.106,2019,,,,,,,,,,,
80,Malaysia,Southeast Asia,5.339,1.221,1.171,0.828,0.508,0.26,0.024,2019,,,,,,,,,,,
83,Mongolia,East Asia,5.285,0.948,1.531,0.667,0.317,0.235,0.038,2019,,,,,,,,,,,
94,Vietnam,Southeast Asia,5.175,0.741,1.346,0.851,0.543,0.147,0.073,2019,,,,,,,,,,,
92,Indonesia,Southeast Asia,5.192,0.931,1.203,0.66,0.491,0.498,0.028,2019,,,,,,,,,,,
85,Nigeria,Sub-Saharan Africa,5.265,0.696,1.111,0.245,0.426,0.215,0.041,2019,,,,,,,,,,,
99,Ivory Coast,Sub-Saharan Africa,4.944,0.569,0.808,0.232,0.352,0.154,0.09,2019,,,,,,,,,,,
102,Benin,Sub-Saharan Africa,4.883,0.393,0.437,0.397,0.349,0.175,0.082,2019,,,,,,,,,,,
87,Turkmenistan,Commonwealth of Independent States,5.247,1.052,1.538,0.657,0.394,0.244,0.028,2019,,,,,,,,,,,
88,Algeria,Middle East and North Africa,5.211,1.002,1.16,0.785,0.086,0.073,0.114,2019,,,,,,,,,,,
103,Congo (Brazzaville),Sub-Saharan Africa,4.812,0.673,0.799,0.508,0.372,0.105,0.093,2019,,,,,,,,,,,
89,Morocco,Middle East and North Africa,5.208,0.801,0.782,0.782,0.418,0.036,0.076,2019,,,,,,,,,,,
90,Azerbaijan,Commonwealth of Independent States,5.208,1.043,1.147,0.769,0.351,0.035,0.182,2019,,,,,,,,,,,
91,Lebanon,Middle East and North Africa,5.197,0.987,1.224,0.815,0.216,0.166,0.027,2019,,,,,,,,,,,
98,Ghana,Sub-Saharan Africa,4.996,0.611,0.868,0.486,0.381,0.245,0.04,2019,,,,,,,,,,,
100,Nepal,South Asia,4.913,0.446,1.226,0.677,0.439,0.285,0.089,2019,,,,,,,,,,,
93,China,East Asia,5.191,1.029,1.125,0.893,0.521,0.058,0.1,2019,,,,,,,,,,,
96,Cameroon,Sub-Saharan Africa,5.044,0.549,0.91,0.331,0.381,0.187,0.037,2019,,,,,,,,,,,
97,Bulgaria,Central and Eastern Europe,5.011,1.092,1.513,0.815,0.311,0.081,0.004,2019,,,,,,,,,,,
108,Venezuela,Latin America and Caribbean,4.707,0.96,1.427,0.805,0.154,0.064,0.047,2019,,,,,,,,,,,
101,Jordan,Middle East and North Africa,4.906,0.837,1.225,0.815,0.383,0.11,0.13,2019,,,,,,,,,,,
111,Senegal,Sub-Saharan Africa,4.681,0.45,1.134,0.571,0.292,0.153,0.072,2019,,,,,,,,,,,
118,Guinea,Sub-Saharan Africa,4.534,0.38,0.829,0.375,0.332,0.207,0.086,2019,,,,,,,,,,,
114,Niger,Sub-Saharan Africa,4.628,0.138,0.774,0.366,0.318,0.188,0.102,2019,,,,,,,,,,,
104,Gabon,Sub-Saharan Africa,4.799,1.057,1.183,0.571,0.295,0.043,0.055,2019,,,,,,,,,,,
105,Laos,Southeast Asia,4.796,0.764,1.03,0.551,0.547,0.266,0.164,2019,,,,,,,,,,,
107,Albania,Central and Eastern Europe,4.719,0.947,0.848,0.874,0.383,0.178,0.027,2019,,,,,,,,,,,
106,South Africa,Sub-Saharan Africa,4.722,0.96,1.351,0.469,0.389,0.13,0.055,2019,,,,,,,,,,,
109,Cambodia,Southeast Asia,4.7,0.574,1.122,0.637,0.609,0.232,0.062,2019,,,,,,,,,,,
125,Bangladesh,South Asia,4.456,0.562,0.928,0.723,0.527,0.166,0.143,2019,,,,,,,,,,,
110,Palestinian Territories,Middle East and North Africa,4.696,0.657,1.247,0.672,0.225,0.103,0.066,2019,,,,,,,,,,,
126,Iraq,Middle East and North Africa,4.437,1.043,0.98,0.574,0.241,0.148,0.089,2019,,,,,,,,,,,
115,Burkina Faso,Sub-Saharan Africa,4.587,0.331,1.056,0.38,0.255,0.177,0.113,2019,,,,,,,,,,,
113,Namibia,Sub-Saharan Africa,4.639,0.879,1.313,0.477,0.401,0.07,0.056,2019,,,,,,,,,,,
120,Gambia,Sub-Saharan Africa,4.516,0.308,0.939,0.428,0.382,0.269,0.167,2019,,,,,,,,,,,
128,Mali,Sub-Saharan Africa,4.39,0.385,1.105,0.308,0.327,0.153,0.052,2019,,,,,,,,,,,
116,Armenia,Commonwealth of Independent States,4.559,0.85,1.055,0.815,0.283,0.095,0.064,2019,,,,,,,,,,,
117,Iran,Middle East and North Africa,4.548,1.1,0.842,0.785,0.305,0.27,0.125,2019,,,,,,,,,,,
119,Georgia,Commonwealth of Independent States,4.519,0.886,0.666,0.752,0.346,0.043,0.164,2019,,,,,,,,,,,
123,Mozambique,Sub-Saharan Africa,4.466,0.204,0.986,0.39,0.494,0.197,0.138,2019,,,,,,,,,,,
121,Kenya,Sub-Saharan Africa,4.509,0.512,0.983,0.581,0.431,0.372,0.053,2019,,,,,,,,,,,
122,Mauritania,Sub-Saharan Africa,4.49,0.57,1.167,0.489,0.066,0.106,0.088,2019,,,,,,,,,,,
133,Ukraine,Commonwealth of Independent States,4.332,0.82,1.39,0.739,0.178,0.187,0.01,2019,,,,,,,,,,,
124,Tunisia,Middle East and North Africa,4.461,0.921,1,0.815,0.167,0.059,0.055,2019,,,,,,,,,,,
141,Liberia,Sub-Saharan Africa,3.975,0.073,0.922,0.443,0.37,0.233,0.033,2019,,,,,,,,,,,
136,Uganda,Sub-Saharan Africa,4.189,0.332,1.069,0.443,0.356,0.252,0.06,2019,,,,,,,,,,,
127,Congo (Kinshasa),Sub-Saharan Africa,4.418,0.094,1.125,0.357,0.269,0.212,0.053,2019,,,,,,,,,,,
132,Chad,Sub-Saharan Africa,4.35,0.35,0.766,0.192,0.174,0.198,0.078,2019,,,,,,,,,,,
129,Sierra Leone,Sub-Saharan Africa,4.374,0.268,0.841,0.242,0.309,0.252,0.045,2019,,,,,,,,,,,
130,Sri Lanka,South Asia,4.366,0.949,1.265,0.831,0.47,0.244,0.047,2019,,,,,,,,,,,
131,Myanmar,Southeast Asia,4.36,0.71,1.181,0.555,0.525,0.566,0.172,2019,,,,,,,,,,,
135,Swaziland,Sub-Saharan Africa,4.212,0.811,1.149,0,0.313,0.074,0.135,2019,,,,,,,,,,,
134,Ethiopia,Sub-Saharan Africa,4.286,0.336,1.033,0.532,0.344,0.209,0.1,2019,,,,,,,,,,,
142,Comoros,Sub-Saharan Africa,3.973,0.274,0.757,0.505,0.142,0.275,0.078,2019,,,,,,,,,,,
139,Togo,Sub-Saharan Africa,4.085,0.275,0.572,0.41,0.293,0.177,0.085,2019,,,,,,,,,,,
137,Egypt,Middle East and North Africa,4.166,0.913,1.039,0.644,0.241,0.076,0.067,2019,,,,,,,,,,,
143,Madagascar,Sub-Saharan Africa,3.933,0.274,0.916,0.555,0.148,0.169,0.041,2019,,,,,,,,,,,
138,Zambia,Sub-Saharan Africa,4.107,0.578,1.058,0.426,0.431,0.247,0.087,2019,,,,,,,,,,,
140,India,South Asia,4.015,0.755,0.765,0.588,0.498,0.2,0.085,2019,,,,,,,,,,,
145,Burundi,Sub-Saharan Africa,3.775,0.046,0.447,0.38,0.22,0.176,0.18,2019,,,,,,,,,,,
147,Haiti,Latin America and Caribbean,3.597,0.323,0.688,0.449,0.026,0.419,0.11,2019,,,,,,,,,,,
144,Lesotho,Sub-Saharan Africa,3.802,0.489,1.169,0.168,0.359,0.107,0.093,2019,,,,,,,,,,,
150,Malawi,Sub-Saharan Africa,3.41,0.191,0.56,0.495,0.443,0.218,0.089,2019,,,,,,,,,,,
146,Zimbabwe,Sub-Saharan Africa,3.663,0.366,1.114,0.433,0.361,0.151,0.089,2019,,,,,,,,,,,
151,Yemen,Middle East and North Africa,3.38,0.287,1.163,0.463,0.143,0.108,0.077,2019,,,,,,,,,,,
148,Botswana,Sub-Saharan Africa,3.488,1.041,1.145,0.538,0.455,0.025,0.1,2019,,,,,,,,,,,
153,Tanzania,Sub-Saharan Africa,3.231,0.476,0.885,0.499,0.417,0.276,0.147,2019,,,,,,,,,,,
152,Rwanda,Sub-Saharan Africa,3.334,0.359,0.711,0.614,0.555,0.217,0.411,2019,,,,,,,,,,,
154,Afghanistan,South Asia,3.203,0.35,0.517,0.361,0,0.158,0.025,2019,,,,,,,,,,,
155,Central African Republic,Sub-Saharan Africa,3.083,0.026,0,0.105,0.225,0.235,0.035,2019,,,,,,,,,,,
156,South Sudan,Sub-Saharan Africa,2.853,0.306,0.575,0.295,0.01,0.202,0.091,2019,,,,,,,,,,,
1,Finland,Western Europe,7.808700085,1.285189509,1.499525905,0.961271405,0.66231674,0.159670442,0.477857262,2020,2.762835026,7.869766235,7.747633934,10.63926697,-0.059482019,0.949172199,71.9008255,0.954329729,0.195444584,1.972316742,
2,Denmark,Western Europe,7.645599842,1.326948524,1.503449202,0.979332566,0.665039897,0.242793396,0.495260328,2020,2.432740688,7.711244583,7.579955101,10.77400112,0.066201776,0.951444268,72.40250397,0.955990791,0.168489456,1.972316742,
3,Switzerland,Western Europe,7.559899807,1.39077425,1.472403407,1.040533185,0.62895447,0.269055754,0.407945901,2020,2.35026741,7.628527641,7.491271973,10.97993279,0.105911039,0.921336651,74.10244751,0.942846596,0.303728431,1.972316742,
4,Iceland,Western Europe,7.504499912,1.326501608,1.547567487,1.000843406,0.661980748,0.362330228,0.144540772,2020,2.460688114,7.621346951,7.387652874,10.77255917,0.246944219,0.948891878,73,0.974669576,0.711709738,1.972316742,
5,Norway,Western Europe,7.487999916,1.42420733,1.495172501,1.008071899,0.670200884,0.287985086,0.434100568,2020,2.168266296,7.55628109,7.419718742,11.08780384,0.13453263,0.955750287,73.20078278,0.952486575,0.263218194,1.972316742,
6,Netherlands,Western Europe,7.448900223,1.338946342,1.463645935,0.975675344,0.61362648,0.336317569,0.368569762,2020,2.352117062,7.503372192,7.394428253,10.81271172,0.20761244,0.908547819,72.30091858,0.93913883,0.364717126,1.972316742,
7,Sweden,Western Europe,7.353499889,1.322235227,1.433347702,0.986470461,0.650297701,0.272827893,0.442066371,2020,2.246299267,7.424519062,7.282480717,10.75879383,0.111614622,0.939144194,72.60076904,0.926311195,0.250880182,1.972316742,
8,New Zealand,North America and ANZ,7.299600124,1.242317915,1.48721838,1.008138299,0.646789908,0.325726211,0.461268276,2020,2.128108025,7.376952648,7.222247601,10.50094318,0.191598073,0.936217487,73.20262909,0.949118972,0.22113885,1.972316742,
9,Austria,Western Europe,7.294199944,1.317285538,1.437444925,1.000933528,0.603368878,0.255509764,0.281256139,2020,2.398446083,7.359595776,7.228804111,10.7428236,0.085429221,0.899989486,73.00250244,0.928045869,0.499954879,1.972316742,
10,Luxembourg,Western Europe,7.237500191,1.536676049,1.387528419,0.986442685,0.610137045,0.19595392,0.367041469,2020,2.153700352,7.297969818,7.177030563,11.45068073,-0.004620588,0.90563643,72.59999847,0.906912208,0.367084295,1.972316742,
11,Canada,North America and ANZ,7.23210001,1.301647663,1.435391903,1.022501945,0.644028127,0.28152892,0.351701856,2020,2.195269108,7.311294556,7.152905464,10.69236851,0.124770768,0.933913231,73.60160065,0.927176654,0.390843362,1.972316742,
12,Australia,North America and ANZ,7.222799778,1.310396433,1.477146268,1.022607684,0.621877193,0.324973613,0.335996419,2020,2.129804134,7.30480814,7.140791416,10.72059631,0.19046016,0.915431738,73.60453796,0.944854617,0.41516912,1.972316742,
13,United Kingdom,Western Europe,7.164500237,1.273061037,1.457844973,0.97570008,0.525168657,0.373433441,0.322601646,2020,2.236721992,7.237337589,7.091662884,10.60013485,0.263732493,0.834743679,72.30160522,0.93668282,0.435915917,1.972316742,
14,Israel,Middle East and North Africa,7.128600121,1.216463685,1.403256774,1.008052945,0.420699477,0.266861796,0.09989845,2020,2.713358402,7.211929798,7.045270443,10.41752529,0.10259372,0.747580588,73.20025635,0.913571239,0.78085506,1.972316742,
15,Costa Rica,Latin America and Caribbean,7.121399879,0.981107712,1.374853611,0.939635336,0.645017743,0.131266311,0.096362092,2020,2.953135014,7.209239483,7.033560276,9.658156395,-0.10242971,0.934738934,71.29985046,0.901545942,0.786332428,1.972316742,
16,Ireland,Western Europe,7.093699932,1.446886778,1.470596433,0.975670695,0.587779939,0.295426995,0.373433262,2020,1.943878174,7.171832085,7.01556778,11.16097832,0.145784974,0.886982977,72.30078888,0.942081571,0.357184172,1.972316742,
17,Germany,Western Europe,7.075799942,1.314184546,1.368543744,0.972114801,0.564274132,0.252037704,0.309362292,2020,2.295249462,7.145595074,7.00600481,10.7328186,0.080179386,0.867371082,72.20201874,0.898874462,0.456422031,1.972316742,
18,United States,North America and ANZ,6.939599991,1.37398684,1.404786706,0.831618011,0.534608245,0.298143059,0.152284741,2020,2.344124794,7.032339573,6.846860409,10.92576885,0.149891734,0.842619538,68.29949951,0.914219022,0.699715316,1.972316742,
19,Czech Republic,Central and Eastern Europe,6.910900116,1.212322354,1.40528667,0.89456445,0.505744576,0.046325929,0.049803223,2020,2.796808243,6.994966984,6.826833248,10.40416336,-0.230861515,0.818537354,70.04793549,0.914430678,0.85844624,1.972316742,
20,Belgium,Western Europe,6.863500118,1.295842767,1.398677588,0.964901149,0.499805421,0.146966159,0.208724052,2020,2.348626614,6.930866241,6.796133995,10.6736393,-0.078691199,0.813582063,72.00164795,0.911632538,0.612297952,1.972316742,
21,United Arab Emirates,Middle East and North Africa,6.790800095,1.431086421,1.251170993,0.787814438,0.652936101,0.28065598,0.220213518,2020,2.166965961,6.870568752,6.711031437,11.1099987,0.123450845,0.941345513,67.08278656,0.849181116,0.594502211,1.972316742,
22,Malta,Western Europe,6.772799969,1.252513289,1.442956924,0.972042024,0.633239031,0.341180831,0.178864077,2020,1.952012062,6.856997967,6.688601971,10.53383827,0.214965805,0.924911439,72.19999695,0.93037951,0.658547282,1.972316742,
23,France,Western Europe,6.663799763,1.268129349,1.458839178,1.029714227,0.514050901,0.112607703,0.227303237,2020,2.053198338,6.737450123,6.590149403,10.58422279,-0.130641967,0.825467646,73.80193329,0.937103748,0.583521128,1.972316742,
24,Mexico,Latin America and Caribbean,6.465000153,1.024387479,1.226333499,0.831601024,0.553892553,0.083094485,0.083133668,2020,2.662540197,6.559319973,6.370680332,9.797797203,-0.175266623,0.858709276,68.29902649,0.838665426,0.806821585,1.972316742,
25,Taiwan Province of China,East Asia,6.45539999,1.327470541,1.357760668,0.878437996,0.449404389,0.150598705,0.131516352,2020,2.160238743,6.532113552,6.378686428,10.77568531,-0.073198698,0.77153033,69.59999847,0.894309103,0.73188293,1.972316742,
26,Uruguay,Latin America and Caribbean,6.440100193,1.071000457,1.425081134,0.856928885,0.59426707,0.132143691,0.193425074,2020,2.167276382,6.529121399,6.351078987,9.948192596,-0.101103112,0.892395437,69.00254822,0.92281127,0.635994136,1.972316742,
27,Saudi Arabia,Middle East and North Africa,6.406499863,1.334328532,1.309950113,0.759818137,0.548477471,0.087440684,0.163322315,2020,2.203118801,6.517305851,6.295693874,10.79781246,-0.168695062,0.854191244,66.30514526,0.874067068,0.682619512,1.972316742,
28,Spain,Western Europe,6.400899887,1.230535269,1.421099186,1.051343083,0.425983816,0.16530548,0.109579779,2020,1.997088432,6.483808517,6.317991257,10.46292686,-0.050961714,0.751989543,74.40270996,0.921125412,0.765859902,1.972316742,
29,Guatemala,Latin America and Caribbean,6.398900032,0.753815711,1.174267054,0.705952585,0.613146722,0.170611665,0.0983603,2020,2.882723093,6.5133605,6.284439564,8.924805641,-0.042938665,0.908147573,64.8089447,0.816621482,0.783237457,1.972316742,
30,Italy,Western Europe,6.38740015,1.236396074,1.347296,1.022504926,0.321305573,0.170266211,0.040145598,2020,2.249505997,6.47224474,6.302555561,10.48183632,-0.043460999,0.66465199,73.60168457,0.889878571,0.873404682,1.972316742,
31,Singapore,Southeast Asia,6.377099991,1.519580126,1.39545691,1.137814283,0.635317206,0.218770906,0.533162236,2020,0.937031746,6.442287445,6.311912537,11.39552116,0.029879224,0.926645339,76.80458069,0.910268962,0.109784193,1.972316742,
32,Brazil,Latin America and Caribbean,6.375599861,0.952679873,1.363464117,0.766119063,0.483292729,0.131674588,0.106518604,2020,2.571860313,6.455549717,6.295650005,9.56643486,-0.101812392,0.799804807,66.48016357,0.896723807,0.770601273,1.972316742,
33,Slovenia,Central and Eastern Europe,6.363399982,1.208652496,1.464677691,0.932548046,0.646700144,0.145701498,0.076516323,2020,1.888586521,6.449328899,6.277471066,10.39232254,-0.080603383,0.936142623,71.1029892,0.939575672,0.817071021,1.972316742,
34,El Salvador,Latin America and Caribbean,6.34829998,0.748940408,1.149397612,0.752730012,0.524043918,0.1189363,0.117030352,2020,2.937191725,6.462466717,6.234133244,8.909075737,-0.121072978,0.833805263,66.10826111,0.806092262,0.754319906,1.972316742,
35,Kosovo,Central and Eastern Europe,6.325200081,0.840481341,1.183962822,0.672709167,0.557280421,0.325286865,0.008559024,2020,2.736902714,6.427544117,6.222856045,9.204429626,0.190933764,0.861535907,63.88555527,0.820726514,0.922328293,1.972316742,
36,Panama,Latin America and Caribbean,6.304800034,1.097667813,1.376149297,0.878546536,0.57984978,0.097207308,0.054230526,2020,2.221176147,6.421860695,6.187739372,10.03423405,-0.153927714,0.880366504,69.60301208,0.902094483,0.851588905,1.972316742,
37,Slovakia,Central and Eastern Europe,6.280600071,1.194837689,1.424331188,0.853465259,0.423542529,0.116729774,0.011291441,2020,2.256422043,6.35683918,6.204360962,10.34774971,-0.124409303,0.749952674,68.90634155,0.922493756,0.918096125,1.972316742,
38,Uzbekistan,Commonwealth of Independent States,6.257599831,0.696652949,1.434020042,0.716703713,0.693270326,0.363311023,0.280260265,2020,2.073346615,6.36388588,6.151313782,8.740371704,0.248427153,0.974998116,65.10757446,0.926595807,0.501497388,1.972316742,
39,Chile,Latin America and Caribbean,6.228499889,1.096992493,1.323286891,0.889260828,0.417482227,0.155579001,0.06284935,2020,2.283012867,6.318118572,6.138881207,10.0320549,-0.065668367,0.744896293,69.90061951,0.879713595,0.838239431,1.972316742,
40,Bahrain,Middle East and North Africa,6.227300167,1.296692252,1.31532371,0.838836372,0.610399902,0.287453711,0.126697257,2020,1.751917362,6.387789249,6.066811085,10.67638016,0.13372919,0.905855775,68.5,0.876342118,0.7393471,1.972316742,
41,Lithuania,Central and Eastern Europe,6.215499878,1.193559647,1.432865739,0.795421183,0.42046079,0.053691041,0.081350274,2020,2.238146067,6.302118301,6.128881454,10.34362602,-0.219725296,0.747381449,67.29407501,0.926107109,0.809583843,1.972316742,
42,Trinidad and Tobago,Latin America and Caribbean,6.191899776,1.167641521,1.407326221,0.658828557,0.55293113,0.199358255,0.015078396,2020,2.190695763,6.416218758,5.967580795,10.26000214,0.000526841,0.857907116,63.5,0.91529417,0.912230611,1.972316742,
43,Poland,Central and Eastern Europe,6.186299801,1.16922915,1.310399771,0.868038476,0.557903528,0.063374244,0.160541251,2020,2.056797981,6.255880356,6.116719246,10.26512432,-0.205084071,0.862055779,69.31113434,0.874257445,0.686927021,1.972316742,
44,Colombia,Latin America and Caribbean,6.163400173,0.93220371,1.33445096,0.810020149,0.526890039,0.092374094,0.04584837,2020,2.421656609,6.274102688,6.052697659,9.500369072,-0.161235645,0.836179912,67.69958496,0.884440243,0.86457181,1.972316742,
45,Cyprus,Western Europe,6.15899992,1.21279943,1.149170756,1.026124597,0.459385872,0.227932334,0.051207144,2020,2.032334805,6.258187771,6.059812069,10.40570259,0.043731496,0.779858291,73.70222473,0.805996239,0.856271744,1.972316742,
46,Nicaragua,Latin America and Caribbean,6.13710022,0.620033145,1.27081275,0.803093255,0.560117304,0.212871477,0.174084574,2020,2.496081114,6.262318611,6.011881828,8.493160248,0.020959141,0.863902867,67.50717926,0.857497036,0.665950119,1.972316742,
47,Romania,Central and Eastern Europe,6.123700142,1.120401621,1.1944381,0.79229486,0.534852326,0.068181619,0.000829569,2020,2.412749767,6.216668129,6.030732155,10.107584,-0.19781521,0.842823207,67.20723724,0.825161517,0.934300244,1.972316742,
48,Kuwait,Middle East and North Africa,6.102099895,1.424833655,1.244779825,0.776468933,0.570261419,0.132751092,0.112814933,2020,1.840167999,6.206563473,5.997636318,11.08982468,-0.100184701,0.872366488,66.76764679,0.846475244,0.760849059,1.972316742,
49,Mauritius,Sub-Saharan Africa,6.101299763,1.07366395,1.395666838,0.763389409,0.590838134,0.186894551,0.084088229,2020,2.006720543,6.213463783,5.989135742,9.956786156,-0.018318573,0.889534533,66.40434265,0.910357833,0.805343091,1.972316742,
50,Kazakhstan,Commonwealth of Independent States,6.057899952,1.122594237,1.453267694,0.698788941,0.497432142,0.153713793,0.110463686,2020,2.021602631,6.1426301,5.973169804,10.11465836,-0.068488635,0.811601937,64.60996246,0.934744895,0.764490843,1.972316742,
51,Estonia,Central and Eastern Europe,6.021800041,1.192441225,1.453232527,0.842615008,0.576664805,0.125136748,0.201766819,2020,1.629928112,6.092330933,5.95126915,10.34001732,-0.111697771,0.87770915,68.60495758,0.934729993,0.623073816,1.972316742,
52,Philippines,Southeast Asia,6.006000042,0.775120676,1.245381713,0.602189481,0.621915162,0.129260212,0.130385727,2020,2.501741886,6.103722572,5.908277512,8.993545532,-0.105463006,0.915463448,61.92676163,0.846730053,0.733634114,1.972316742,
53,Hungary,Central and Eastern Europe,6.000400066,1.164307117,1.423009396,0.806793869,0.386401802,0.070491239,0.027548173,2020,2.121845722,6.077767372,5.923032761,10.24924374,-0.194323018,0.718964577,67.60997009,0.921934128,0.892916501,1.972316742,
54,Thailand,Southeast Asia,5.998799801,1.007029295,1.347519517,0.793855846,0.609449804,0.376709014,0.031837862,2020,1.832384109,6.082288742,5.91531086,9.741791725,0.268685192,0.905063033,67.25059509,0.889973223,0.886272311,1.972316742,
55,Argentina,Latin America and Caribbean,5.974699974,1.028465629,1.372543693,0.849773705,0.520840347,0.070100471,0.060415059,2020,2.072540998,6.079445839,5.869954109,9.810955048,-0.194913864,0.831132412,68.80380249,0.900567949,0.842009842,1.972316742,
56,Honduras,Latin America and Caribbean,5.953199863,0.598763585,1.186664104,0.791989982,0.568148077,0.256528199,0.086807102,2020,2.464295387,6.082033634,5.824366093,8.424534798,0.086969115,0.870603263,67.19876862,0.821870148,0.801131904,1.972316742,
57,Latvia,Central and Eastern Europe,5.949999809,1.14139545,1.414398789,0.777902424,0.329198807,0.075407945,0.090391524,2020,2.121283054,6.018282413,5.881717205,10.17531967,-0.186888844,0.671237648,66.8074646,0.918288589,0.795580089,1.972316742,
58,Ecuador,Latin America and Caribbean,5.925199986,0.853383601,1.221027613,0.838837743,0.555234551,0.115006477,0.086753383,2020,2.254933834,6.028846264,5.821553707,9.246058464,-0.127014965,0.859828949,68.50003815,0.836418986,0.801215112,1.972316742,
59,Portugal,Western Europe,5.910900116,1.168800831,1.339530349,0.979315281,0.589895189,0.053036947,0.027733466,2020,1.752558708,6.015089989,5.806710243,10.26374245,-0.220714301,0.888747811,72.40202332,0.886590719,0.892629504,1.972316742,
60,Jamaica,Latin America and Caribbean,5.889800072,0.779058397,1.408289194,0.788434088,0.553124607,0.116268493,0.030147785,2020,2.214436531,6.126157284,5.65344286,9.006250381,-0.125106767,0.858068526,67.09999847,0.915701866,0.888890028,1.972316742,
61,South Korea,East Asia,5.872399807,1.245300651,1.133560538,1.022542596,0.25935635,0.170303866,0.094596282,2020,1.946757078,5.958806515,5.785993099,10.51056671,-0.043404032,0.612965107,73.6027298,0.799387157,0.789067447,1.972316742,
62,Japan,East Asia,5.870800018,1.26672411,1.332338691,1.072881341,0.495465875,0.03571178,0.181439638,2020,1.486200333,5.951927662,5.789672375,10.57968903,-0.246910349,0.809961379,75.00096893,0.883545935,0.654558063,1.972316742,
63,Peru,Latin America and Caribbean,5.796800137,0.91854918,1.208405972,0.824444175,0.513210058,0.091611817,0.02703266,2020,2.213499546,5.916970253,5.67663002,9.456313133,-0.16238822,0.824766099,68.10023499,0.831075251,0.893714964,1.972316742,
64,Serbia,Central and Eastern Europe,5.77820015,0.988181829,1.327448964,0.828403294,0.395428419,0.15028289,0.059447147,2020,2.029040098,5.877596378,5.678803921,9.680980682,-0.073676221,0.726495862,68.21020508,0.881475747,0.843509018,1.972316742,
65,Bolivia,Latin America and Caribbean,5.747499943,0.730976343,1.142350554,0.662445664,0.5744645,0.138375074,0.072942637,2020,2.425928593,5.846765041,5.648234844,8.851115227,-0.09168113,0.875873327,63.6004715,0.803108692,0.822606206,1.972316742,
66,Pakistan,South Asia,5.69329977,0.616799474,0.872979581,0.469933242,0.405421734,0.228705063,0.122592121,2020,2.976876736,5.78780365,5.598795891,8.482727051,0.04489987,0.734833717,58.25313568,0.689062297,0.745705426,1.972316742,
67,Paraguay,Latin America and Caribbean,5.692100048,0.897990823,1.36819756,0.735869646,0.586510062,0.204299241,0.065077379,2020,1.83412528,5.793937683,5.590262413,9.389982224,0.007997713,0.885923445,65.63993835,0.898727894,0.834788501,1.972316742,
68,Dominican Republic,Latin America and Caribbean,5.689199924,0.983191848,1.328888893,0.741901696,0.5628739,0.112196781,0.115945682,2020,1.844246864,5.826069355,5.552330494,9.664880753,-0.131263286,0.866202772,65.80748749,0.882085383,0.755999923,1.972316742,
69,Bosnia and Herzegovina,Central and Eastern Europe,5.674099922,0.91839546,1.203986526,0.813928187,0.305365741,0.264005244,0.001172487,2020,2.16724205,5.765016556,5.583183289,9.455817223,0.098274559,0.651352704,67.80813599,0.829204142,0.933769107,1.972316742,
70,Moldova,Commonwealth of Independent States,5.607500076,0.707916796,1.237312198,0.713299453,0.389571488,0.174049184,0.014378744,2020,2.370968342,5.690360069,5.524640083,8.776714325,-0.037741039,0.721609175,65.01301575,0.843313575,0.913314283,1.972316742,
71,Tajikistan,Commonwealth of Independent States,5.555699825,0.474874616,1.218377709,0.680594802,0.521141171,0.182417125,0.221779913,2020,2.25650835,5.619050026,5.492349625,8.024810791,-0.025088511,0.831383407,64.10459137,0.835297108,0.592076063,1.972316742,
72,Montenegro,Central and Eastern Europe,5.54610014,1.010150075,1.265657902,0.839028895,0.303223848,0.14901033,0.098435111,2020,1.880565882,5.642112255,5.450088024,9.751860619,-0.075600356,0.649565637,68.50534821,0.855314612,0.783121586,1.972316742,
73,Russia,Commonwealth of Independent States,5.546000004,1.126999617,1.378644109,0.68044591,0.399499595,0.099041916,0.045699362,2020,1.815716743,5.623634815,5.468365192,10.12887192,-0.151153743,0.729892612,64.10045624,0.903150737,0.864802599,1.972316742,
74,Kyrgyzstan,Commonwealth of Independent States,5.541500092,0.513180971,1.341036677,0.680645883,0.614617765,0.30137074,0.030466691,2020,2.060206652,5.627108097,5.455892086,8.148405075,0.154772058,0.909374893,64.10601044,0.887228489,0.888396084,1.972316742,
75,Belarus,Commonwealth of Independent States,5.539899826,1.018854499,1.38713932,0.75258857,0.290755868,0.08993306,0.193607435,2020,1.8069911,5.612537384,5.467262268,9.779945374,-0.164926544,0.639163077,66.10433197,0.90674746,0.63571167,1.972316742,
76,North Cyprus,Western Europe,5.53550005,1.21279943,1.183089137,1.026124597,0.477885723,0.199160054,0.199802905,2020,1.23668766,5.635532856,5.435467243,10.40570259,0.000227159,0.79529351,73.70222473,0.820356607,0.62611568,1.972316742,
77,Greece,Western Europe,5.514999866,1.128070116,1.168973565,0.979431748,0.173516348,0,0.048844352,2020,2.016179085,5.606986046,5.423013687,10.13232613,-0.300907373,0.541345119,72.40525818,0.814380348,0.859931409,1.972316742,
78,Hong Kong S.A.R. of China,East Asia,5.510399818,1.376746058,1.243584275,1.136630654,0.459356517,0.288280904,0.332485437,2020,0.673293114,5.600596905,5.420202732,10.9346714,0.134979904,0.779833794,76.77170563,0.845969081,0.420607209,1.972316742,
79,Croatia,Central and Eastern Europe,5.504700184,1.109024286,1.311264873,0.900575578,0.381456882,0.113998979,0.012325006,2020,1.676029205,5.578756332,5.430644035,10.07087517,-0.128538325,0.714838803,70.21490479,0.874623716,0.916495264,1.972316742,
80,Libya,Middle East and North Africa,5.488800049,1.021913767,1.196283698,0.615626633,0.451354057,0.142757699,0.172258079,2020,1.888563156,5.607727528,5.36987257,9.789815903,-0.085054487,0.773157001,62.29999924,0.825942934,0.668779135,1.972316742,
81,Mongolia,East Asia,5.456200123,0.904872775,1.458930612,0.615788162,0.355703115,0.263885736,0.046533126,2020,1.810527563,5.535213947,5.377186298,9.412186623,0.098093867,0.693351328,62.30448532,0.937142491,0.863511205,1.972316742,
82,Malaysia,Southeast Asia,5.384300232,1.168421626,1.17400229,0.788511872,0.596941531,0.274886161,0.062163133,2020,1.319420815,5.479953289,5.288647175,10.26251888,0.114726797,0.894626856,67.10215759,0.816509426,0.839302301,1.972316742,
83,Vietnam,Southeast Asia,5.353499889,0.718092382,1.253074765,0.819133997,0.650835574,0.136488721,0.089848459,2020,1.685977936,5.41974926,5.287250519,8.809545517,-0.094533332,0.939592957,67.9527359,0.849987149,0.79642123,1.972316742,
84,Indonesia,Southeast Asia,5.285600185,0.891720712,1.154800892,0.610437036,0.568161428,0.542646527,0.038278613,2020,1.479573488,5.379077435,5.192122936,9.36975193,0.519586504,0.870614409,62.15584946,0.808379889,0.876296401,1.972316742,
85,Ivory Coast,Sub-Saharan Africa,5.233300209,0.537094414,0.799727261,0.154942513,0.397122532,0.169915587,0.093495794,2020,3.081022501,5.376567364,5.090033054,8.225561142,-0.043991156,0.727909327,49.50377274,0.658048689,0.790771961,1.972316742,
86,Benin,Sub-Saharan Africa,5.21600008,0.366244704,0.352428436,0.328062952,0.40583989,0.196670428,0.125931874,2020,3.440809727,5.368408203,5.063591957,7.674319744,-0.003537213,0.735182583,54.31246567,0.468671143,0.740532577,1.972316742,
87,Maldives,South Asia,5.197599888,0.937864304,1.402287602,0.914439559,0.548203647,0.224198252,0.071906492,2020,1.098674774,5.338691235,5.056508541,9.518632889,0.038085498,0.853962779,70.59999847,0.91316092,0.824211061,1.972316742,
88,Congo (Brazzaville),Sub-Saharan Africa,5.194399834,0.633616745,0.757636011,0.458101124,0.386514395,0.117216013,0.118670784,2020,2.722619534,5.345376492,5.043423176,8.536987305,-0.123674095,0.719058514,57.92448044,0.640228093,0.751779079,1.972316742,
89,Azerbaijan,Commonwealth of Independent States,5.164800167,0.990272701,1.180613041,0.731134057,0.467734724,0.040113214,0.247307181,2020,1.507632971,5.231826782,5.097773552,9.687726974,-0.240255281,0.786824107,65.50839996,0.819308281,0.55253756,1.972316742,
90,Macedonia,Central and Eastern Europe,5.159800053,0.935371995,1.183173537,0.802994132,0.410224587,0.18586354,0.024595059,2020,1.617594957,5.251452446,5.068147659,9.510591507,-0.019877451,0.738840938,67.50442505,0.820392311,0.897490501,1.972316742,
91,Ghana,Sub-Saharan Africa,5.147999763,0.575862467,0.96636796,0.432162255,0.477290064,0.261291206,0.056570381,2020,2.378437281,5.262923717,5.033075809,8.350645065,0.094170853,0.794796526,57.20398712,0.728601098,0.847964764,1.972316742,
92,Nepal,South Asia,5.137199879,0.444050372,1.100789309,0.66887939,0.480608255,0.300971806,0.127502963,2020,2.014386892,5.250276566,5.024123192,7.925357342,0.154168829,0.797565043,63.77917862,0.785512447,0.738099158,1.972316742,
93,Turkey,Middle East and North Africa,5.131800175,1.127169251,1.197159171,0.781335294,0.25440076,0.085885569,0.120983243,2020,1.564816713,5.20988369,5.05371666,10.12941933,-0.171046436,0.608830452,66.90281677,0.826313555,0.748197377,1.972316742,
94,China,East Asia,5.123899937,0.990533412,1.132080674,0.867248535,0.601605117,0.079021044,0.117255554,2020,1.336181879,5.174667358,5.073132515,9.688568115,-0.18142575,0.898517907,69.2891922,0.798760593,0.7539711,1.972316742,
95,Turkmenistan,Commonwealth of Independent States,5.119100094,1.008963585,1.510476947,0.612448037,0.515236676,0.323129326,0.03350389,2020,1.115337372,5.17668438,5.061515808,9.74803257,0.187671542,0.826457024,62.21170807,0.958966196,0.883691847,1.972316742,
96,Bulgaria,Central and Eastern Europe,5.101500034,1.046554685,1.460578918,0.777776897,0.417820066,0.103833713,0,2020,1.294961452,5.188173294,5.014826775,9.869318962,-0.143908441,0.745178163,66.80397797,0.937840343,0.935585141,1.972316742,
97,Morocco,Middle East and North Africa,5.094799995,0.75862211,0.645208478,0.745096922,0.450054139,0.040032551,0.077385604,2020,2.378402472,5.203875065,4.985724926,8.940313339,-0.240377247,0.772072434,65.89624023,0.592628479,0.815724611,1.972316742,
98,Cameroon,Sub-Saharan Africa,5.084899902,0.503958046,0.89972645,0.270189553,0.439242482,0.198020101,0.054393422,2020,2.719370842,5.216800213,4.952999592,8.118647575,-0.00149645,0.763051808,52.7049408,0.700386405,0.851336598,1.972316742,
99,Venezuela,Latin America and Caribbean,5.053199768,0.770238638,1.348546863,0.76702553,0.271717221,0.087179154,0.063624777,2020,1.74484086,5.179189682,4.927209854,8.977793694,-0.169090509,0.62327832,66.50534058,0.890408158,0.837038398,1.972316742,
100,Algeria,Middle East and North Africa,5.005099773,0.943856001,1.143003583,0.745418549,0.083943799,0.118915014,0.129190654,2020,1.840811729,5.09180212,4.918397427,9.537964821,-0.121105164,0.466610909,65.90517426,0.803385139,0.735485137,1.972316742,
101,Senegal,Sub-Saharan Africa,4.980800152,0.504061818,0.95459342,0.518391907,0.352400899,0.164397135,0.081865937,2020,2.405123949,5.084227562,4.877372742,8.118982315,-0.052335154,0.690596163,59.59915161,0.723616004,0.808785141,1.972316742,
102,Guinea,Sub-Saharan Africa,4.949299812,0.390007734,0.75136596,0.333655238,0.371878058,0.249490842,0.112204559,2020,2.740729809,5.09246254,4.806137085,7.750990391,0.076328471,0.706846774,54.46780014,0.637573481,0.761794448,1.972316742,
103,Niger,Sub-Saharan Africa,4.909599781,0.108330332,0.703800142,0.298816353,0.435311615,0.208176896,0.137554765,2020,3.017630577,5.060927868,4.758271694,6.842166901,0.013860817,0.759772122,53.50009537,0.617435038,0.722530186,1.972316742,
104,Laos,Southeast Asia,4.888599873,0.714693844,0.987391889,0.486378282,0.612027287,0.27266711,0.194273964,2020,1.621152639,4.967526436,4.809673309,8.79858017,0.11137148,0.907213569,58.70992279,0.737502217,0.634679317,1.972316742,
105,Albania,Central and Eastern Europe,4.882699966,0.906653047,0.830483913,0.846329629,0.461945891,0.171027765,0.025361285,2020,1.640897036,4.992686749,4.772713184,9.417930603,-0.042309489,0.781994224,68.70813751,0.671070457,0.896303713,1.972316742,
106,Cambodia,Southeast Asia,4.848400116,0.544634938,1.071426034,0.587904334,0.674940348,0.233342081,0.072837502,2020,1.663300037,4.962093353,4.734706879,8.249890327,0.051911179,0.959704638,61.52996826,0.773080647,0.822769046,1.972316742,
107,Bangladesh,South Asia,4.832799911,0.556156278,0.868800581,0.694940507,0.604130566,0.176745117,0.176735908,2020,1.755261898,4.911443233,4.75415659,8.287063599,-0.033664726,0.90062499,64.50306702,0.687292993,0.661843538,1.972316742,
108,Gabon,Sub-Saharan Africa,4.829299927,0.988044381,1.10639751,0.522574842,0.369459897,0.052013602,0.055804539,2020,1.735027552,4.947425842,4.711174011,9.680537224,-0.222261623,0.704829216,59.71533966,0.787886858,0.849150956,1.972316742,
109,South Africa,Sub-Saharan Africa,4.814099789,0.902140439,1.259086251,0.407034069,0.43478182,0.126406848,0.05950214,2020,1.625117302,4.931746006,4.696453571,9.403370857,-0.109777324,0.759330094,56.50601196,0.852532268,0.843423843,1.972316742,
110,Iraq,Middle East and North Africa,4.784800053,0.982018709,1.011466622,0.529350698,0.283588052,0.153002068,0.073164992,2020,1.752173662,4.937272072,4.632328033,9.661095619,-0.06956476,0.633182645,59.90354919,0.747694969,0.82226181,1.972316742,
111,Lebanon,Middle East and North Africa,4.771500111,0.889232516,1.19249332,0.788671136,0.18551667,0.158524141,0.021518147,2020,1.53554225,4.857257843,4.685742378,9.3617239,-0.06121527,0.551357508,67.10658264,0.824338138,0.90225625,1.972316742,
112,Burkina Faso,Sub-Saharan Africa,4.768700123,0.302467644,0.9293859,0.312833875,0.322398156,0.186390609,0.126408055,2020,2.588826418,4.890351772,4.647048473,7.46854496,-0.019080516,0.665563583,53.88945389,0.712943614,0.739795029,1.972316742,
113,Gambia,Sub-Saharan Africa,4.750599861,0.256990552,0.882678688,0.353247881,0.403419524,0.425989687,0.158093795,2020,2.270216465,4.882240772,4.61895895,7.321814537,0.343198717,0.733163178,55.0120163,0.6931687,0.690717816,1.972316742,
114,Mali,Sub-Saharan Africa,4.729300022,0.352462649,0.97314173,0.234981522,0.377534449,0.16966705,0.062146276,2020,2.559335232,4.855451107,4.603148937,7.629852295,-0.044366926,0.71156615,51.72698212,0.731468976,0.839328408,1.972316742,
115,Nigeria,Sub-Saharan Africa,4.724100113,0.645901859,0.986717939,0.167835936,0.435079455,0.221328124,0.047589935,2020,2.219635487,4.826248169,4.621952057,8.57662487,0.033745807,0.759578407,49.86190796,0.73721689,0.861874342,1.972316742,
116,Armenia,Commonwealth of Independent States,4.676799774,0.808262408,1.034576893,0.77585727,0.378075808,0.107225738,0.104618184,2020,1.468161583,4.791646481,4.561953068,9.100476265,-0.13877961,0.712017834,66.75065613,0.757479429,0.773544788,1.972316742,
117,Georgia,Commonwealth of Independent States,4.672599792,0.847198069,0.7311939,0.694657624,0.485494107,0.047609735,0.174088076,2020,1.69239831,4.757698059,4.587501526,9.226100922,-0.22892037,0.801641524,64.49520874,0.629033029,0.665944695,1.972316742,
118,Iran,Middle East and North Africa,4.672399998,1.029322505,0.886271179,0.749053836,0.301195472,0.27697894,0.142651513,2020,1.286969423,4.78192091,4.562879086,9.813719749,0.117891103,0.647873282,66.00614929,0.694689691,0.714635968,1.972316742,
119,Jordan,Middle East and North Africa,4.633399963,0.785179198,1.140118599,0.777624726,0.424855083,0.091494769,0.151878625,2020,1.262258053,4.748552322,4.518247604,9.025999069,-0.162565202,0.75104779,66.79975128,0.80216372,0.700344324,1.972316742,
120,Mozambique,Sub-Saharan Africa,4.623600006,0.178741366,0.955202878,0.324223638,0.56077534,0.220422104,0.163064316,2020,2.221216202,4.778996944,4.468203068,7.069345951,0.032375868,0.864451885,54.20582199,0.723874032,0.683019102,1.972316742,
121,Kenya,Sub-Saharan Africa,4.583000183,0.476413399,0.905077755,0.536312759,0.519180536,0.393902093,0.067201078,2020,1.684904575,4.715898037,4.450102329,8.02977562,0.294681519,0.829747558,60.09693146,0.702652037,0.831499159,1.972316742,
122,Namibia,Sub-Saharan Africa,4.571100235,0.84008199,1.245738149,0.40687117,0.444598973,0.076454483,0.054320343,2020,1.503033161,4.690628052,4.451572418,9.203141212,-0.18530646,0.767520964,56.50148773,0.846880972,0.851449788,1.972316742,
123,Ukraine,Commonwealth of Independent States,4.56069994,0.780434608,1.321316481,0.698674381,0.319423705,0.178551316,0.00965116,2020,1.252669334,4.658080578,4.463319302,9.010690689,-0.030933706,0.663081884,64.60678101,0.878879368,0.920636714,1.972316742,
124,Liberia,Sub-Saharan Africa,4.557899952,0.174103007,0.920733929,0.392284274,0.405943096,0.226967871,0.051139876,2020,2.386757851,4.71853447,4.397265434,7.054380417,0.04227322,0.735268712,56.09631348,0.70928055,0.856375933,1.972316742,
125,Palestinian Territories,Middle East and North Africa,4.552800179,0.587819219,1.194755554,0.613826573,0.29870075,0.091816261,0.071913652,2020,1.693985701,4.662314892,4.443285465,8.389223099,-0.162079096,0.645791829,62.25,0.825295925,0.824199975,1.972316742,
126,Uganda,Sub-Saharan Africa,4.43200016,0.312337428,1.052327394,0.378311664,0.401682556,0.264807373,0.063818842,2020,1.958671093,4.566251278,4.297749043,7.500389576,0.099487431,0.731713951,55.70820236,0.764994621,0.836737812,1.972316742,
127,Chad,Sub-Saharan Africa,4.422699928,0.302287489,0.739118278,0.1087441,0.228601769,0.210805088,0.085755408,2020,2.74742651,4.570153236,4.27524662,7.467963696,0.017834719,0.587305248,48.22053909,0.632388055,0.802760839,1.972316742,
128,Tunisia,Middle East and North Africa,4.392199993,0.874742687,0.872167706,0.781156719,0.235860556,0.055881143,0.043899573,2020,1.528496742,4.489554405,4.294845581,9.314972878,-0.216413811,0.593361557,66.89785767,0.688718557,0.867590249,1.972316742,
129,Mauritania,Sub-Saharan Africa,4.374599934,0.539684892,1.113323569,0.425184816,0.185714483,0.128899664,0.122257635,2020,1.85955739,4.482583046,4.266616821,8.233919144,-0.106008142,0.551522553,57.01017761,0.790819228,0.746223509,1.972316742,
130,Sri Lanka,South Asia,4.327000141,0.897986948,1.19494009,0.792036712,0.528632462,0.252666146,0.049444564,2020,0.611288548,4.431047916,4.222952366,9.389969826,0.081129618,0.837633669,67.20006561,0.825374067,0.859001756,1.972316742,
131,Congo (Kinshasa),Sub-Saharan Africa,4.31099987,0.062487468,0.833055019,0.277212054,0.36462298,0.254324883,0.081466645,2020,2.437864304,4.524636269,4.097363472,6.694256306,0.083637655,0.700793564,52.90000153,0.672159016,0.809403598,1.972316742,
132,Swaziland,Sub-Saharan Africa,4.308100224,0.827539742,1.064835191,0.215585828,0.299935788,0.067264833,0.146765873,2020,1.686207294,4.448145866,4.168054581,9.16267395,-0.19920142,0.646822274,51.18823624,0.770290196,0.708263338,1.972316742,
133,Myanmar,Southeast Asia,4.308000088,0.67809093,1.098178267,0.495443076,0.597478867,0.569813728,0.187530354,2020,0.681462526,4.392180443,4.223819733,8.680481911,0.560663998,0.895075202,58.96171188,0.78440702,0.645124316,1.972316742,
134,Comoros,Sub-Saharan Africa,4.288599968,0.415620774,0.723232806,0.437383324,0.181028232,0.258538276,0.100048535,2020,2.17276907,4.453906536,4.1232934,7.833630085,0.090008408,0.547612607,57.34901047,0.625662446,0.780622602,1.972316742,
135,Togo,Sub-Saharan Africa,4.187200069,0.268116266,0.547622859,0.342731178,0.303539038,0.200774252,0.114826456,2020,2.409595251,4.309713364,4.064686775,7.357711315,0.002667875,0.649828613,54.71989822,0.551312625,0.757733464,1.972316742,
136,Ethiopia,Sub-Saharan Africa,4.186200142,0.315125644,1.001103282,0.483846247,0.41256687,0.227698103,0.117437035,2020,1.628459215,4.262473583,4.109926701,7.509385586,0.043377332,0.740795195,58.63959122,0.743307352,0.753690004,1.972316742,
137,Madagascar,Sub-Saharan Africa,4.165599823,0.244553208,0.823694348,0.500617027,0.192967549,0.191190064,0.076248638,2020,2.136298418,4.278382301,4.052817345,7.281685829,-0.011823639,0.557574093,59.10542679,0.668195903,0.817485631,1.972316742,
138,Egypt,Middle East and North Africa,4.151400089,0.875228941,0.982539535,0.596911311,0.373684734,0.068801254,0.095461793,2020,1.158818245,4.221919537,4.080880642,9.316541672,-0.196878314,0.708354175,61.78015137,0.735447824,0.787726879,1.972316742,
139,Sierra Leone,Sub-Saharan Africa,3.926399946,0.240560383,0.747984946,0.203953966,0.382027686,0.257647008,0.047940936,2020,2.046271801,4.046255589,3.806544304,7.26880312,0.088660747,0.715315044,50.86514282,0.636142015,0.861330688,1.972316742,
140,Burundi,Sub-Saharan Africa,3.775300026,0,0.403575271,0.295212835,0.275399059,0.187401786,0.212186828,2020,2.401507378,3.98526001,3.565340042,6.492642403,-0.017551597,0.626350224,53.40000153,0.490325719,0.606934547,1.972316742,
141,Zambia,Sub-Saharan Africa,3.759399891,0.536833763,0.896037281,0.36359334,0.49131754,0.250620902,0.086705238,2020,1.134339333,3.878326178,3.640473604,8.224720001,0.078037128,0.806500256,55.29937744,0.698824465,0.801289678,1.972316742,
142,Haiti,Latin America and Caribbean,3.720799923,0.284734428,0.646671355,0.37436673,0.169297516,0.463909656,0.161935672,2020,1.619916916,3.919667482,3.521932364,7.411329269,0.40053457,0.537825167,55.59862518,0.593247831,0.684767246,1.972316742,
143,Lesotho,Sub-Saharan Africa,3.652800083,0.45493874,1.088940024,0.100934811,0.409367532,0.102627642,0.050483823,2020,1.445513964,3.813757181,3.491842985,7.960488319,-0.145732045,0.738125861,48.00362396,0.780495703,0.857392073,1.972316742,
144,India,South Asia,3.573299885,0.730576158,0.644198656,0.54057014,0.581142247,0.237072483,0.105587982,2020,0.734130859,3.627596378,3.519003391,8.849823952,0.057551607,0.881444871,60.21518707,0.592200935,0.772042692,1.972316742,
145,Malawi,Sub-Saharan Africa,3.538000107,0.176534727,0.53036809,0.446163297,0.487389833,0.213185057,0.131633952,2020,1.552718282,3.675710678,3.400289536,7.062226295,0.021433279,0.803223193,57.59288788,0.544007301,0.731700778,1.972316742,
146,Yemen,Middle East and North Africa,3.527400017,0.392701775,1.177477121,0.41500017,0.243721485,0.094689012,0.087352127,2020,1.116472721,3.633549929,3.421250105,7.759682655,-0.157735437,0.599920273,56.72728348,0.817980587,0.800287724,1.972316742,
147,Botswana,Sub-Saharan Africa,3.478899956,0.997548997,1.08569479,0.494101733,0.50908941,0.033407487,0.101786368,2020,0.257240534,3.597563744,3.360236168,9.711203575,-0.250394493,0.821328104,58.92445374,0.779121757,0.777930915,1.972316742,
148,Tanzania,Sub-Saharan Africa,3.476200104,0.457163125,0.872674644,0.442677855,0.509343088,0.27154091,0.203880861,2020,0.718963385,3.600091219,3.352308989,7.967665195,0.109668687,0.82153976,57.49607468,0.688933194,0.619799435,1.972316742,
149,Central African Republic,Sub-Saharan Africa,3.475899935,0.041072082,0,0,0.292814463,0.253513217,0.028264718,2020,2.860197544,3.701658487,3.250141382,6.625160217,0.082410358,0.640880644,45.20000076,0.319459856,0.891806662,1.972316742,
150,Rwanda,Sub-Saharan Africa,3.312299967,0.343242675,0.522876322,0.572383285,0.604087889,0.235704988,0.485542476,2020,0.548444986,3.415053368,3.209546566,7.600104332,0.055483952,0.900589406,61.09884644,0.54083544,0.183541179,1.972316742,
151,Zimbabwe,Sub-Saharan Africa,3.299200058,0.425564021,1.047835231,0.375037611,0.37740472,0.151349187,0.080928579,2020,0.841031075,3.414201975,3.184198141,7.865711689,-0.072063953,0.711457908,55.61725998,0.763092756,0.81023699,1.972316742,
152,South Sudan,Sub-Saharan Africa,2.816600084,0.289082974,0.553278506,0.208809033,0.065609254,0.209934607,0.111156799,2020,1.378751278,3.027516365,2.605683804,7.425359726,0.016518548,0.451313615,51,0.553707123,0.763417304,1.972316742,
153,Afghanistan,South Asia,2.566900015,0.30070585,0.356433839,0.266051531,0,0.135234714,0.001225785,2020,1.507235646,2.628270388,2.505529642,7.462860584,-0.0964294,0.396573007,52.59000015,0.470366955,0.933686554,1.972316742,
1,Finland,Western Europe,7.842,1.446,1.106,0.741,0.691,0.124,0.481,2021,3.253,7.904,7.78,10.775,-0.098,0.949,72,0.954,0.186,2.43,
2,Denmark,Western Europe,7.62,1.502,1.108,0.763,0.686,0.208,0.485,2021,2.868,7.687,7.552,10.933,0.03,0.946,72.7,0.954,0.179,2.43,
3,Switzerland,Western Europe,7.571,1.566,1.079,0.816,0.653,0.204,0.413,2021,2.839,7.643,7.5,11.117,0.025,0.919,74.4,0.942,0.292,2.43,
4,Iceland,Western Europe,7.554,1.482,1.172,0.772,0.698,0.293,0.17,2021,2.967,7.67,7.438,10.878,0.16,0.955,73,0.983,0.673,2.43,
5,Netherlands,Western Europe,7.464,1.501,1.079,0.753,0.647,0.302,0.384,2021,2.798,7.518,7.41,10.932,0.175,0.913,72.4,0.942,0.338,2.43,
6,Norway,Western Europe,7.392,1.543,1.108,0.782,0.703,0.249,0.427,2021,2.58,7.462,7.323,11.053,0.093,0.96,73.3,0.954,0.27,2.43,
7,Sweden,Western Europe,7.363,1.478,1.062,0.763,0.685,0.244,0.448,2021,2.683,7.433,7.293,10.867,0.086,0.945,72.7,0.934,0.237,2.43,
8,Luxembourg,Western Europe,7.324,1.751,1.003,0.76,0.639,0.166,0.353,2021,2.653,7.396,7.252,11.647,-0.034,0.907,72.6,0.908,0.386,2.43,
9,New Zealand,North America and ANZ,7.277,1.4,1.094,0.785,0.665,0.276,0.445,2021,2.612,7.355,7.198,10.643,0.134,0.929,73.4,0.948,0.242,2.43,
10,Austria,Western Europe,7.268,1.492,1.062,0.782,0.64,0.215,0.292,2021,2.784,7.337,7.198,10.906,0.042,0.908,73.3,0.934,0.481,2.43,
11,Australia,North America and ANZ,7.183,1.453,1.076,0.801,0.647,0.291,0.317,2021,2.598,7.265,7.102,10.796,0.159,0.914,73.9,0.94,0.442,2.43,
12,Israel,Middle East and North Africa,7.157,1.376,1.074,0.788,0.509,0.208,0.119,2021,3.083,7.224,7.09,10.575,0.031,0.8,73.503,0.939,0.753,2.43,
13,Germany,Western Europe,7.155,1.48,0.993,0.757,0.6,0.195,0.306,2021,2.824,7.232,7.077,10.873,0.011,0.875,72.5,0.903,0.46,2.43,
14,Canada,North America and ANZ,7.103,1.447,1.044,0.798,0.648,0.246,0.335,2021,2.585,7.185,7.021,10.776,0.089,0.915,73.8,0.926,0.415,2.43,
15,Ireland,Western Europe,7.085,1.644,1.092,0.753,0.606,0.238,0.367,2021,2.384,7.164,7.006,11.342,0.077,0.879,72.4,0.947,0.363,2.43,
16,Costa Rica,Latin America and Caribbean,7.069,1.134,0.966,0.722,0.673,0.105,0.083,2021,3.387,7.179,6.96,9.88,-0.126,0.934,71.4,0.891,0.809,2.43,
17,United Kingdom,Western Europe,7.064,1.423,1.062,0.757,0.58,0.34,0.306,2021,2.596,7.138,6.99,10.707,0.233,0.859,72.5,0.934,0.459,2.43,
18,Czech Republic,Central and Eastern Europe,6.965,1.37,1.09,0.703,0.58,0.052,0.046,2021,3.124,7.062,6.868,10.556,-0.208,0.858,70.807,0.947,0.868,2.43,
19,United States,North America and ANZ,6.951,1.533,1.03,0.621,0.554,0.252,0.154,2021,2.807,7.047,6.856,11.023,0.098,0.837,68.2,0.92,0.698,2.43,
20,Belgium,Western Europe,6.834,1.463,0.998,0.747,0.489,0.088,0.187,2021,2.862,6.901,6.767,10.823,-0.153,0.783,72.199,0.906,0.646,2.43,
21,France,Western Europe,6.69,1.421,1.081,0.804,0.536,0.092,0.235,2021,2.521,6.762,6.618,10.704,-0.147,0.822,74,0.942,0.571,2.43,
22,Bahrain,Middle East and North Africa,6.647,1.409,0.899,0.662,0.661,0.246,0.139,2021,2.631,6.779,6.514,10.669,0.089,0.925,69.495,0.862,0.722,2.43,
23,Malta,Western Europe,6.602,1.411,1.055,0.747,0.664,0.275,0.183,2021,2.268,6.688,6.516,10.674,0.133,0.927,72.2,0.931,0.653,2.43,
24,Taiwan Province of China,East Asia,6.584,1.48,0.982,0.665,0.49,0.142,0.139,2021,2.687,6.659,6.51,10.871,-0.07,0.784,69.6,0.898,0.721,2.43,
25,United Arab Emirates,Middle East and North Africa,6.561,1.555,0.86,0.594,0.67,0.236,0.223,2021,2.422,6.637,6.484,11.085,0.074,0.932,67.333,0.844,0.589,2.43,
26,Saudi Arabia,Middle East and North Africa,6.494,1.435,0.964,0.571,0.603,0.09,0.163,2021,2.668,6.604,6.384,10.743,-0.149,0.877,66.603,0.891,0.684,2.43,
27,Spain,Western Europe,6.491,1.375,1.057,0.826,0.462,0.135,0.124,2021,2.513,6.574,6.408,10.571,-0.081,0.761,74.7,0.932,0.745,2.43,
28,Italy,Western Europe,6.483,1.393,0.94,0.798,0.379,0.133,0.047,2021,2.794,6.572,6.395,10.623,-0.084,0.693,73.8,0.88,0.866,2.43,
29,Slovenia,Central and Eastern Europe,6.461,1.36,1.093,0.722,0.69,0.122,0.085,2021,2.388,6.546,6.376,10.529,-0.101,0.949,71.4,0.948,0.806,2.43,
30,Guatemala,Latin America and Caribbean,6.435,0.845,0.79,0.519,0.638,0.163,0.105,2021,3.375,6.577,6.292,9.053,-0.038,0.906,64.958,0.813,0.775,2.43,
31,Uruguay,Latin America and Caribbean,6.431,1.164,1.042,0.649,0.625,0.128,0.223,2021,2.6,6.521,6.341,9.966,-0.092,0.896,69.1,0.925,0.59,2.43,
32,Singapore,Southeast Asia,6.377,1.695,1.019,0.897,0.664,0.176,0.547,2021,1.379,6.46,6.293,11.488,-0.018,0.927,76.953,0.915,0.082,2.43,
33,Kosovo,Central and Eastern Europe,6.372,0.937,0.807,0.483,0.593,0.356,0.014,2021,3.182,6.487,6.257,9.318,0.257,0.869,63.813,0.821,0.917,2.43,
34,Slovakia,Central and Eastern Europe,6.331,1.304,1.066,0.653,0.468,0.107,0.018,2021,2.714,6.411,6.251,10.369,-0.124,0.766,69.201,0.936,0.911,2.43,
35,Brazil,Latin America and Caribbean,6.33,1.028,0.944,0.571,0.514,0.142,0.117,2021,3.015,6.415,6.245,9.577,-0.071,0.804,66.601,0.882,0.756,2.43,
36,Mexico,Latin America and Caribbean,6.317,1.126,0.83,0.634,0.585,0.092,0.089,2021,2.961,6.42,6.213,9.859,-0.147,0.862,68.597,0.831,0.799,2.43,
37,Jamaica,Latin America and Caribbean,6.309,0.891,0.932,0.599,0.618,0.099,0.035,2021,3.135,6.615,6.004,9.186,-0.137,0.89,67.5,0.877,0.884,2.43,
38,Lithuania,Central and Eastern Europe,6.255,1.35,1.065,0.612,0.476,0.056,0.073,2021,2.624,6.344,6.167,10.499,-0.203,0.773,67.906,0.935,0.826,2.43,
39,Cyprus,Western Europe,6.223,1.377,0.765,0.801,0.464,0.178,0.061,2021,2.578,6.319,6.128,10.576,-0.015,0.763,73.898,0.802,0.844,2.43,
40,Estonia,Central and Eastern Europe,6.189,1.344,1.079,0.64,0.641,0.119,0.263,2021,2.103,6.263,6.115,10.481,-0.106,0.909,68.8,0.941,0.527,2.43,
41,Panama,Latin America and Caribbean,6.18,1.298,0.976,0.667,0.596,0.079,0.053,2021,2.509,6.323,6.036,10.35,-0.166,0.872,69.652,0.896,0.856,2.43,
42,Uzbekistan,Commonwealth of Independent States,6.179,0.769,1.027,0.528,0.716,0.391,0.271,2021,2.477,6.312,6.045,8.836,0.311,0.97,65.255,0.918,0.515,2.43,
43,Chile,Latin America and Caribbean,6.172,1.2,0.946,0.678,0.438,0.159,0.07,2021,2.682,6.262,6.081,10.071,-0.044,0.742,70,0.882,0.83,2.43,
44,Poland,Central and Eastern Europe,6.166,1.309,0.982,0.668,0.558,0.08,0.13,2021,2.438,6.245,6.087,10.382,-0.165,0.841,69.702,0.898,0.735,2.43,
45,Kazakhstan,Commonwealth of Independent States,6.152,1.23,1.103,0.527,0.573,0.143,0.132,2021,2.446,6.243,6.06,10.155,-0.069,0.853,65.2,0.952,0.733,2.43,
46,Romania,Central and Eastern Europe,6.14,1.275,0.832,0.595,0.564,0.045,0.001,2021,2.83,6.253,6.027,10.284,-0.219,0.845,67.355,0.832,0.938,2.43,
47,Kuwait,Middle East and North Africa,6.106,1.461,0.857,0.58,0.591,0.12,0.13,2021,2.368,6.235,5.977,10.817,-0.104,0.867,66.9,0.843,0.736,2.43,
48,Serbia,Central and Eastern Europe,6.078,1.101,0.924,0.634,0.482,0.189,0.066,2021,2.682,6.181,5.974,9.787,0.002,0.778,68.6,0.873,0.835,2.43,
49,El Salvador,Latin America and Caribbean,6.061,0.845,0.675,0.565,0.615,0.116,0.16,2021,3.085,6.188,5.933,9.054,-0.11,0.888,66.402,0.762,0.688,2.43,
50,Mauritius,Sub-Saharan Africa,6.049,1.178,0.996,0.574,0.59,0.153,0.096,2021,2.462,6.165,5.933,10.008,-0.054,0.867,66.701,0.905,0.789,2.43,
51,Latvia,Central and Eastern Europe,6.032,1.285,1.047,0.587,0.405,0.082,0.089,2021,2.536,6.103,5.961,10.315,-0.162,0.715,67.1,0.927,0.8,2.43,
52,Colombia,Latin America and Caribbean,6.012,1.021,0.866,0.615,0.554,0.1,0.063,2021,2.794,6.132,5.892,9.557,-0.135,0.837,68.001,0.847,0.841,2.43,
53,Hungary,Central and Eastern Europe,5.992,1.301,1.083,0.615,0.454,0.067,0.04,2021,2.432,6.085,5.899,10.358,-0.186,0.755,68,0.943,0.876,2.43,
54,Thailand,Southeast Asia,5.985,1.107,0.957,0.596,0.611,0.375,0.028,2021,2.309,6.077,5.893,9.805,0.287,0.884,67.401,0.888,0.895,2.43,
55,Nicaragua,Latin America and Caribbean,5.972,0.693,0.904,0.604,0.553,0.201,0.176,2021,2.841,6.134,5.81,8.62,0.02,0.836,67.657,0.864,0.664,2.43,
56,Japan,East Asia,5.94,1.389,0.949,0.838,0.504,0.02,0.192,2021,2.048,6.02,5.861,10.611,-0.258,0.796,75.1,0.884,0.638,2.43,
57,Argentina,Latin America and Caribbean,5.929,1.162,0.98,0.646,0.544,0.069,0.067,2021,2.461,6.04,5.819,9.962,-0.182,0.828,69,0.898,0.834,2.43,
58,Portugal,Western Europe,5.929,1.323,0.939,0.76,0.621,0.029,0.033,2021,2.225,6.037,5.821,10.421,-0.244,0.892,72.6,0.879,0.887,2.43,
59,Honduras,Latin America and Caribbean,5.919,0.703,0.787,0.593,0.578,0.241,0.083,2021,2.934,6.081,5.758,8.648,0.081,0.857,67.3,0.812,0.809,2.43,
60,Croatia,Central and Eastern Europe,5.882,1.251,1.039,0.703,0.453,0.111,0,2021,2.325,5.975,5.788,10.217,-0.118,0.754,70.799,0.924,0.939,2.43,
61,Philippines,Southeast Asia,5.88,0.853,0.828,0.426,0.651,0.125,0.126,2021,2.872,5.982,5.778,9.076,-0.097,0.917,62,0.83,0.742,2.43,
62,South Korea,East Asia,5.845,1.403,0.758,0.801,0.353,0.134,0.135,2021,2.262,5.928,5.763,10.651,-0.083,0.672,73.9,0.799,0.727,2.43,
63,Peru,Latin America and Caribbean,5.84,0.986,0.833,0.623,0.536,0.087,0.031,2021,2.744,5.988,5.692,9.458,-0.154,0.822,68.25,0.832,0.891,2.43,
64,Bosnia and Herzegovina,Central and Eastern Europe,5.813,1.032,0.919,0.618,0.395,0.261,0.005,2021,2.583,5.911,5.715,9.59,0.113,0.706,68.098,0.87,0.931,2.43,
65,Moldova,Commonwealth of Independent States,5.766,0.985,0.888,0.542,0.536,0.137,0.013,2021,2.665,5.856,5.677,9.454,-0.079,0.822,65.699,0.857,0.918,2.43,
66,Ecuador,Latin America and Caribbean,5.764,0.935,0.806,0.64,0.56,0.107,0.062,2021,2.653,5.875,5.653,9.313,-0.124,0.842,68.8,0.821,0.843,2.43,
67,Kyrgyzstan,Commonwealth of Independent States,5.744,0.665,0.971,0.501,0.673,0.266,0.02,2021,2.648,5.834,5.653,8.538,0.119,0.935,64.401,0.893,0.908,2.43,
68,Greece,Western Europe,5.723,1.273,0.811,0.76,0.243,0,0.074,2021,2.561,5.813,5.632,10.279,-0.288,0.582,72.6,0.823,0.823,2.43,
69,Bolivia,Latin America and Caribbean,5.716,0.842,0.782,0.486,0.6,0.138,0.064,2021,2.805,5.819,5.613,9.046,-0.077,0.875,63.901,0.81,0.839,2.43,
70,Mongolia,East Asia,5.677,0.966,1.065,0.442,0.397,0.263,0.053,2021,2.492,5.76,5.595,9.4,0.116,0.708,62.5,0.935,0.856,2.43,
71,Paraguay,Latin America and Caribbean,5.653,0.983,0.97,0.549,0.602,0.206,0.037,2021,2.306,5.832,5.473,9.448,0.028,0.876,65.9,0.893,0.882,2.43,
72,Montenegro,Central and Eastern Europe,5.581,1.155,0.891,0.637,0.397,0.166,0.081,2021,2.254,5.686,5.475,9.94,-0.034,0.708,68.699,0.858,0.812,2.43,
73,Dominican Republic,Latin America and Caribbean,5.545,1.106,0.879,0.555,0.581,0.101,0.144,2021,2.178,5.685,5.405,9.802,-0.133,0.86,66.102,0.853,0.714,2.43,
74,North Cyprus,Western Europe,5.536,1.377,0.806,0.801,0.503,0.196,0.2,2021,1.653,5.636,5.435,10.576,0.012,0.795,73.898,0.82,0.626,2.43,
75,Belarus,Commonwealth of Independent States,5.534,1.124,1.007,0.56,0.326,0.07,0.199,2021,2.247,5.625,5.442,9.853,-0.18,0.65,66.253,0.91,0.627,2.43,
76,Russia,Commonwealth of Independent States,5.477,1.241,0.992,0.511,0.409,0.115,0.06,2021,2.148,5.541,5.413,10.189,-0.111,0.718,64.703,0.903,0.845,2.43,
77,Hong Kong S.A.R. of China,East Asia,5.477,1.525,0.841,0.893,0.408,0.232,0.342,2021,1.236,5.573,5.38,11,0.067,0.717,76.82,0.836,0.403,2.43,
78,Tajikistan,Commonwealth of Independent States,5.466,0.508,0.895,0.498,0.548,0.152,0.247,2021,2.619,5.532,5.4,8.091,-0.056,0.832,64.281,0.86,0.553,2.43,
79,Vietnam,Southeast Asia,5.411,0.817,0.873,0.616,0.679,0.124,0.091,2021,2.211,5.488,5.334,8.973,-0.098,0.94,68.034,0.85,0.796,2.43,
80,Libya,Middle East and North Africa,5.41,1.044,0.821,0.435,0.474,0.131,0.174,2021,2.331,5.558,5.262,9.622,-0.087,0.771,62.3,0.827,0.667,2.43,
81,Malaysia,Southeast Asia,5.384,1.259,0.797,0.587,0.624,0.27,0.064,2021,1.784,5.48,5.289,10.238,0.125,0.895,67.102,0.817,0.839,2.43,
82,Indonesia,Southeast Asia,5.345,0.954,0.786,0.433,0.598,0.541,0.046,2021,1.987,5.454,5.235,9.365,0.542,0.873,62.236,0.811,0.867,2.43,
83,Congo (Brazzaville),Sub-Saharan Africa,5.342,0.518,0.392,0.307,0.381,0.144,0.124,2021,3.476,5.533,5.151,8.117,-0.068,0.695,58.221,0.636,0.745,2.43,
84,China,East Asia,5.339,1.061,0.785,0.665,0.636,0.093,0.117,2021,1.982,5.397,5.281,9.673,-0.146,0.904,69.593,0.811,0.755,2.43,
85,Ivory Coast,Sub-Saharan Africa,5.306,0.669,0.409,0.052,0.438,0.177,0.092,2021,3.469,5.46,5.152,8.551,-0.016,0.741,50.114,0.644,0.794,2.43,
86,Armenia,Commonwealth of Independent States,5.283,0.996,0.758,0.585,0.54,0.079,0.198,2021,2.127,5.397,5.168,9.487,-0.168,0.825,67.055,0.799,0.629,2.43,
87,Nepal,South Asia,5.269,0.519,0.702,0.496,0.488,0.287,0.135,2021,2.642,5.406,5.132,8.12,0.152,0.782,64.233,0.774,0.727,2.43,
88,Bulgaria,Central and Eastern Europe,5.266,1.181,1.055,0.583,0.494,0.125,0.005,2021,1.823,5.371,5.16,10.016,-0.096,0.788,67,0.931,0.932,2.43,
89,Maldives,South Asia,5.198,1.115,1.015,0.697,0.575,0.204,0.073,2021,1.52,5.339,5.057,9.826,0.024,0.854,70.6,0.913,0.825,2.43,
90,Azerbaijan,Commonwealth of Independent States,5.171,1.025,0.841,0.541,0.526,0.043,0.276,2021,1.919,5.25,5.091,9.569,-0.223,0.814,65.656,0.836,0.506,2.43,
91,Cameroon,Sub-Saharan Africa,5.142,0.543,0.556,0.159,0.425,0.205,0.058,2021,3.195,5.288,4.996,8.189,0.026,0.731,53.515,0.71,0.848,2.43,
92,Senegal,Sub-Saharan Africa,5.132,0.518,0.558,0.357,0.381,0.158,0.088,2021,3.071,5.266,4.998,8.118,-0.046,0.695,59.802,0.71,0.801,2.43,
93,Albania,Central and Eastern Europe,5.117,1.008,0.529,0.646,0.491,0.168,0.024,2021,2.25,5.234,5.001,9.52,-0.03,0.785,68.999,0.697,0.901,2.43,
94,North Macedonia,Central and Eastern Europe,5.101,1.068,0.772,0.535,0.45,0.212,0.022,2021,2.042,5.202,5.001,9.693,0.038,0.751,65.474,0.805,0.905,2.43,
95,Ghana,Sub-Saharan Africa,5.088,0.68,0.595,0.287,0.517,0.268,0.058,2021,2.684,5.219,4.958,8.58,0.123,0.807,57.586,0.727,0.848,2.43,
96,Niger,Sub-Saharan Africa,5.074,0.162,0.402,0.167,0.516,0.2,0.157,2021,3.47,5.273,4.875,7.098,0.018,0.806,53.78,0.641,0.693,2.43,
97,Turkmenistan,Commonwealth of Independent States,5.066,1.046,1.172,0.439,0.602,0.366,0.033,2021,1.409,5.136,4.996,9.629,0.273,0.877,62.409,0.983,0.888,2.43,
98,Gambia,Sub-Saharan Africa,5.051,0.367,0.511,0.21,0.384,0.465,0.123,2021,2.99,5.225,4.877,7.686,0.424,0.697,55.16,0.69,0.746,2.43,
99,Benin,Sub-Saharan Africa,5.045,0.507,0.058,0.196,0.457,0.166,0.178,2021,3.482,5.189,4.901,8.087,-0.034,0.757,54.713,0.489,0.661,2.43,
100,Laos,Southeast Asia,5.03,0.808,0.598,0.33,0.643,0.268,0.179,2021,2.204,5.119,4.941,8.947,0.123,0.91,58.968,0.728,0.658,2.43,
101,Bangladesh,South Asia,5.025,0.635,0.52,0.514,0.603,0.161,0.164,2021,2.427,5.115,4.934,8.454,-0.041,0.877,64.8,0.693,0.682,2.43,
102,Guinea,Sub-Saharan Africa,4.984,0.42,0.399,0.206,0.384,0.25,0.111,2021,3.216,5.16,4.808,7.838,0.095,0.697,55.008,0.639,0.766,2.43,
103,South Africa,Sub-Saharan Africa,4.956,0.967,0.895,0.265,0.447,0.144,0.051,2021,2.187,5.074,4.839,9.403,-0.067,0.749,56.904,0.86,0.86,2.43,
104,Turkey,Middle East and North Africa,4.948,1.26,0.809,0.59,0.236,0.097,0.104,2021,1.852,5.038,4.857,10.24,-0.139,0.576,67.199,0.822,0.776,2.43,
105,Pakistan,South Asia,4.934,0.637,0.423,0.322,0.418,0.252,0.097,2021,2.784,5.066,4.802,8.458,0.098,0.726,58.709,0.651,0.787,2.43,
106,Morocco,Middle East and North Africa,4.918,0.792,0.219,0.558,0.477,0.034,0.088,2021,2.749,5.036,4.8,8.903,-0.236,0.774,66.208,0.56,0.801,2.43,
107,Venezuela,Latin America and Caribbean,4.892,0.852,0.897,0.574,0.284,0.078,0.072,2021,2.135,5.017,4.767,9.073,-0.169,0.615,66.7,0.861,0.827,2.43,
108,Georgia,Commonwealth of Independent States,4.891,1.03,0.47,0.498,0.488,0.032,0.181,2021,2.191,4.998,4.785,9.585,-0.238,0.783,64.3,0.671,0.655,2.43,
109,Algeria,Middle East and North Africa,4.887,0.946,0.765,0.552,0.119,0.144,0.12,2021,2.242,4.991,4.783,9.342,-0.067,0.48,66.005,0.802,0.752,2.43,
110,Ukraine,Commonwealth of Independent States,4.875,0.979,0.958,0.517,0.417,0.181,0.01,2021,1.813,4.977,4.773,9.436,-0.011,0.724,64.902,0.888,0.924,2.43,
111,Iraq,Middle East and North Africa,4.854,0.91,0.638,0.381,0.302,0.153,0.041,2021,2.429,4.97,4.738,9.24,-0.053,0.63,60.583,0.746,0.875,2.43,
112,Gabon,Sub-Saharan Africa,4.852,1.037,0.707,0.362,0.424,0.058,0.064,2021,2.201,4.998,4.706,9.603,-0.2,0.731,59.962,0.776,0.84,2.43,
113,Burkina Faso,Sub-Saharan Africa,4.834,0.364,0.472,0.179,0.381,0.182,0.122,2021,3.133,4.993,4.675,7.678,-0.009,0.695,54.151,0.672,0.748,2.43,
114,Cambodia,Southeast Asia,4.83,0.603,0.68,0.426,0.702,0.21,0.061,2021,2.148,4.963,4.698,8.36,0.034,0.959,62,0.765,0.843,2.43,
115,Mozambique,Sub-Saharan Africa,4.794,0.183,0.634,0.196,0.608,0.228,0.163,2021,2.783,4.997,4.592,7.158,0.061,0.882,54.706,0.744,0.684,2.43,
116,Nigeria,Sub-Saharan Africa,4.759,0.663,0.625,0.051,0.433,0.212,0.039,2021,2.736,4.861,4.658,8.533,0.037,0.737,50.102,0.74,0.878,2.43,
117,Mali,Sub-Saharan Africa,4.723,0.387,0.59,0.11,0.384,0.164,0.072,2021,3.016,4.884,4.563,7.744,-0.036,0.697,51.969,0.724,0.827,2.43,
118,Iran,Middle East and North Africa,4.721,1.03,0.557,0.561,0.275,0.33,0.144,2021,1.823,4.828,4.614,9.584,0.218,0.608,66.3,0.71,0.714,2.43,
119,Uganda,Sub-Saharan Africa,4.636,0.364,0.718,0.24,0.398,0.267,0.054,2021,2.596,4.78,4.493,7.677,0.122,0.709,56.101,0.781,0.855,2.43,
120,Liberia,Sub-Saharan Africa,4.625,0.228,0.58,0.253,0.43,0.221,0.057,2021,2.857,4.833,4.417,7.288,0.05,0.735,56.498,0.72,0.85,2.43,
121,Kenya,Sub-Saharan Africa,4.607,0.603,0.508,0.385,0.483,0.375,0.073,2021,2.18,4.747,4.466,8.361,0.287,0.779,60.704,0.688,0.825,2.43,
122,Tunisia,Middle East and North Africa,4.596,0.919,0.515,0.59,0.334,0.057,0.044,2021,2.138,4.709,4.484,9.266,-0.201,0.656,67.201,0.691,0.87,2.43,
123,Lebanon,Middle East and North Africa,4.584,1.045,0.868,0.595,0.175,0.14,0.026,2021,1.736,4.691,4.477,9.626,-0.073,0.525,67.355,0.848,0.898,2.43,
124,Namibia,Sub-Saharan Africa,4.574,0.882,0.801,0.262,0.411,0.091,0.059,2021,2.068,4.7,4.448,9.161,-0.149,0.719,56.799,0.818,0.847,2.43,
125,Palestinian Territories,Middle East and North Africa,4.517,0.646,0.819,0.434,0.33,0.082,0.075,2021,2.131,4.649,4.384,8.485,-0.163,0.653,62.25,0.826,0.821,2.43,
126,Myanmar,Southeast Asia,4.426,0.666,0.713,0.341,0.601,0.52,0.178,2021,1.407,4.527,4.324,8.541,0.509,0.876,59.302,0.779,0.66,2.43,
127,Jordan,Middle East and North Africa,4.395,0.89,0.685,0.583,0.455,0.079,0.15,2021,1.553,4.516,4.273,9.182,-0.167,0.755,67,0.767,0.705,2.43,
128,Chad,Sub-Saharan Africa,4.355,0.255,0.353,0,0.24,0.215,0.084,2021,3.209,4.54,4.171,7.364,0.041,0.579,48.478,0.619,0.807,2.43,
129,Sri Lanka,South Asia,4.325,0.99,0.82,0.593,0.559,0.239,0.049,2021,1.075,4.454,4.196,9.47,0.079,0.841,67.299,0.827,0.863,2.43,
130,Swaziland,Sub-Saharan Africa,4.308,0.849,0.693,0.074,0.323,0.067,0.147,2021,2.155,4.448,4.168,9.065,-0.185,0.647,50.833,0.77,0.708,2.43,
131,Comoros,Sub-Saharan Africa,4.289,0.488,0.367,0.279,0.202,0.241,0.101,2021,2.61,4.454,4.123,8.031,0.082,0.548,57.349,0.626,0.781,2.43,
132,Egypt,Middle East and North Africa,4.283,0.954,0.647,0.426,0.446,0.069,0.092,2021,1.648,4.371,4.195,9.367,-0.182,0.749,61.998,0.75,0.795,2.43,
133,Ethiopia,Sub-Saharan Africa,4.275,0.37,0.679,0.331,0.451,0.241,0.114,2021,2.089,4.374,4.175,7.694,0.082,0.752,59,0.764,0.761,2.43,
134,Mauritania,Sub-Saharan Africa,4.227,0.666,0.749,0.273,0.218,0.119,0.133,2021,2.069,4.365,4.09,8.542,-0.106,0.561,57.161,0.795,0.731,2.43,
135,Madagascar,Sub-Saharan Africa,4.208,0.266,0.503,0.341,0.207,0.185,0.087,2021,2.62,4.349,4.068,7.396,-0.005,0.552,59.305,0.686,0.803,2.43,
136,Togo,Sub-Saharan Africa,4.107,0.254,0.239,0.203,0.289,0.209,0.107,2021,2.806,4.258,3.956,7.362,0.032,0.619,54.914,0.569,0.772,2.43,
137,Zambia,Sub-Saharan Africa,4.073,0.528,0.552,0.231,0.487,0.227,0.074,2021,1.975,4.209,3.938,8.145,0.061,0.782,55.809,0.708,0.823,2.43,
138,Sierra Leone,Sub-Saharan Africa,3.849,0.279,0.377,0.1,0.408,0.243,0.047,2021,2.396,4.001,3.698,7.434,0.084,0.717,51.651,0.63,0.866,2.43,
139,India,South Asia,3.819,0.741,0.316,0.383,0.622,0.246,0.106,2021,1.405,3.869,3.769,8.755,0.089,0.893,60.633,0.603,0.774,2.43,
140,Burundi,Sub-Saharan Africa,3.775,0,0.062,0.155,0.298,0.172,0.212,2021,2.876,3.985,3.565,6.635,-0.024,0.626,53.4,0.49,0.607,2.43,
141,Yemen,Middle East and North Africa,3.658,0.329,0.831,0.272,0.268,0.092,0.089,2021,1.776,3.794,3.521,7.578,-0.147,0.602,57.122,0.832,0.8,2.43,
142,Tanzania,Sub-Saharan Africa,3.623,0.433,0.54,0.3,0.549,0.307,0.231,2021,1.263,3.762,3.485,7.876,0.183,0.833,57.999,0.702,0.577,2.43,
143,Haiti,Latin America and Caribbean,3.615,0.294,0.173,0.227,0.257,0.463,0.139,2021,2.06,3.953,3.276,7.477,0.422,0.593,55.7,0.54,0.721,2.43,
144,Malawi,Sub-Saharan Africa,3.6,0.113,0.168,0.298,0.484,0.213,0.134,2021,2.19,3.781,3.419,6.958,0.038,0.78,57.948,0.537,0.729,2.43,
145,Lesotho,Sub-Saharan Africa,3.512,0.451,0.731,0.007,0.405,0.103,0.015,2021,1.8,3.748,3.276,7.926,-0.131,0.715,48.7,0.787,0.915,2.43,
146,Botswana,Sub-Saharan Africa,3.467,1.099,0.724,0.34,0.539,0.027,0.088,2021,0.648,3.611,3.322,9.782,-0.246,0.824,59.269,0.784,0.801,2.43,
147,Rwanda,Sub-Saharan Africa,3.415,0.364,0.202,0.407,0.627,0.227,0.493,2021,1.095,3.548,3.282,7.676,0.061,0.897,61.4,0.552,0.167,2.43,
148,Zimbabwe,Sub-Saharan Africa,3.145,0.457,0.649,0.243,0.359,0.157,0.075,2021,1.205,3.259,3.03,7.943,-0.047,0.677,56.201,0.75,0.821,2.43,
149,Afghanistan,South Asia,2.523,0.37,0,0.126,0,0.122,0.01,2021,1.895,2.596,2.449,7.695,-0.102,0.382,52.493,0.463,0.924,2.43,
1,Finland,Western Europe,7.821,1.892,1.258,0.775,0.736,0.109,0.534,2022,,7.886,7.756,,,,,,,,2.518
2,Denmark,Western Europe,7.636,1.953,1.243,0.777,0.719,0.188,0.532,2022,,7.71,7.563,,,,,,,,2.226
3,Iceland,Western Europe,7.557,1.936,1.32,0.803,0.718,0.27,0.191,2022,,7.651,7.464,,,,,,,,2.32
4,Switzerland,Western Europe,7.512,2.026,1.226,0.822,0.677,0.147,0.461,2022,,7.586,7.437,,,,,,,,2.153
5,Netherlands,Western Europe,7.415,1.945,1.206,0.787,0.651,0.271,0.419,2022,,7.471,7.359,,,,,,,,2.137
6,Luxembourg,Western Europe,7.404,2.209,1.155,0.79,0.7,0.12,0.388,2022,,7.501,7.307,,,,,,,,2.042
8,Norway,Western Europe,7.365,1.997,1.239,0.786,0.728,0.217,0.474,2022,,7.44,7.29,,,,,,,,1.925
7,Sweden,Western Europe,7.384,1.92,1.204,0.803,0.724,0.218,0.512,2022,,7.454,7.315,,,,,,,,2.003
9,Israel,Middle East and North Africa,7.364,1.826,1.221,0.818,0.568,0.155,0.143,2022,,7.426,7.301,,,,,,,,2.634
10,New Zealand,North America and ANZ,7.2,1.852,1.235,0.752,0.68,0.245,0.483,2022,,7.279,7.12,,,,,,,,1.954
11,Austria,Western Europe,7.163,1.931,1.165,0.774,0.623,0.193,0.329,2022,,7.237,7.089,,,,,,,,2.148
12,Australia,North America and ANZ,7.162,1.9,1.203,0.772,0.676,0.258,0.341,2022,,7.244,7.081,,,,,,,,2.011
13,Ireland,Western Europe,7.041,2.129,1.166,0.779,0.627,0.19,0.408,2022,,7.121,6.961,,,,,,,,1.743
14,Germany,Western Europe,7.034,1.924,1.088,0.776,0.585,0.163,0.358,2022,,7.122,6.947,,,,,,,,2.142
15,Canada,North America and ANZ,7.025,1.886,1.188,0.783,0.659,0.217,0.368,2022,,7.107,6.943,,,,,,,,1.924
16,United States,North America and ANZ,6.977,1.982,1.182,0.628,0.574,0.22,0.177,2022,,7.065,6.888,,,,,,,,2.214
23,Costa Rica,Latin America and Caribbean,6.582,1.584,1.054,0.744,0.661,0.089,0.102,2022,,6.683,6.481,,,,,,,,2.346
17,United Kingdom,Western Europe,6.943,1.867,1.143,0.75,0.597,0.289,0.329,2022,,7.018,6.867,,,,,,,,1.967
19,Belgium,Western Europe,6.805,1.907,1.106,0.764,0.492,0.049,0.204,2022,,6.89,6.72,,,,,,,,2.283
20,France,Western Europe,6.687,1.863,1.219,0.808,0.567,0.07,0.266,2022,,6.758,6.615,,,,,,,,1.895
21,Bahrain,Middle East and North Africa,6.647,1.854,1.029,0.625,0.693,0.199,0.155,2022,,6.779,6.514,,,,,,,,2.092
22,Slovenia,Central and Eastern Europe,6.63,1.81,1.249,0.769,0.685,0.118,0.115,2022,,6.718,6.542,,,,,,,,1.885
33,Malta,Western Europe,6.447,1.838,1.169,0.789,0.679,0.174,0.166,2022,,6.535,6.359,,,,,,,,1.631
24,United Arab Emirates,Middle East and North Africa,6.576,1.998,0.98,0.633,0.702,0.204,0.25,2022,,6.66,6.492,,,,,,,,1.809
26,Taiwan Province of China,East Asia,6.512,1.897,1.095,0.733,0.542,0.075,0.168,2022,,6.596,6.429,,,,,,,,2.002
25,Saudi Arabia,Middle East and North Africa,6.523,1.87,1.092,0.577,0.651,0.078,0.18,2022,,6.637,6.409,,,,,,,,2.075
27,Singapore,Southeast Asia,6.48,2.149,1.127,0.851,0.672,0.163,0.587,2022,,6.569,6.392,,,,,,,,0.932
29,Spain,Western Europe,6.476,1.808,1.211,0.808,0.505,0.101,0.149,2022,,6.56,6.392,,,,,,,,1.893
28,Romania,Central and Eastern Europe,6.477,1.719,1.006,0.655,0.605,0.039,0.006,2022,,6.575,6.379,,,,,,,,2.446
31,Italy,Western Europe,6.467,1.834,1.052,0.801,0.412,0.085,0.059,2022,,6.57,6.363,,,,,,,,2.222
30,Uruguay,Latin America and Caribbean,6.474,1.615,1.18,0.672,0.665,0.103,0.265,2022,,6.562,6.386,,,,,,,,1.974
39,Guatemala,Latin America and Caribbean,6.262,1.274,0.831,0.522,0.662,0.112,0.115,2022,,6.46,6.064,,,,,,,,2.746
32,Kosovo,Central and Eastern Europe,6.455,1.362,0.949,0.569,0.599,0.309,0.035,2022,,6.571,6.339,,,,,,,,2.631
34,Lithuania,Central and Eastern Europe,6.446,1.804,1.204,0.659,0.496,0.053,0.077,2022,,6.535,6.356,,,,,,,,2.153
35,Slovakia,Central and Eastern Europe,6.391,1.736,1.232,0.707,0.479,0.118,0.025,2022,,6.475,6.306,,,,,,,,2.094
38,Brazil,Latin America and Caribbean,6.293,1.462,1.044,0.615,0.546,0.131,0.134,2022,,6.384,6.202,,,,,,,,2.361
36,Estonia,Central and Eastern Europe,6.341,1.793,1.232,0.728,0.689,0.123,0.333,2022,,6.415,6.266,,,,,,,,1.442
46,Mexico,Latin America and Caribbean,6.128,1.552,0.886,0.623,0.621,0.092,0.115,2022,,6.238,6.017,,,,,,,,2.239
37,Panama,Latin America and Caribbean,6.309,1.715,1.107,0.709,0.592,0.049,0.051,2022,,6.464,6.154,,,,,,,,2.086
63,Jamaica,Latin America and Caribbean,5.85,1.296,1.045,0.646,0.567,0.08,0.053,2022,,6.023,5.676,,,,,,,,2.164
41,Cyprus,Western Europe,6.221,1.815,0.909,0.819,0.448,0.123,0.062,2022,,6.32,6.122,,,,,,,,2.044
40,Kazakhstan,Commonwealth of Independent States,6.234,1.668,1.22,0.611,0.584,0.134,0.157,2022,,6.33,6.138,,,,,,,,1.86
42,Latvia,Central and Eastern Europe,6.18,1.732,1.221,0.637,0.502,0.075,0.09,2022,,6.255,6.106,,,,,,,,1.923
53,Uzbekistan,Commonwealth of Independent States,6.063,1.219,1.092,0.6,0.716,0.283,0.24,2022,,6.178,5.948,,,,,,,,1.913
43,Serbia,Central and Eastern Europe,6.178,1.55,1.086,0.658,0.546,0.219,0.088,2022,,6.294,6.062,,,,,,,,2.031
44,Chile,Latin America and Caribbean,6.172,1.651,1.08,0.748,0.46,0.124,0.069,2022,,6.262,6.082,,,,,,,,2.04
48,Poland,Central and Eastern Europe,6.123,1.758,1.174,0.712,0.523,0.124,0.14,2022,,6.205,6.04,,,,,,,,1.693
45,Nicaragua,Latin America and Caribbean,6.165,1.105,1.029,0.617,0.617,0.168,0.212,2022,,6.312,6.017,,,,,,,,2.418
47,Croatia,Central and Eastern Europe,6.125,1.705,1.183,0.709,0.535,0.109,0,2022,,6.229,6.022,,,,,,,,1.884
50,Kuwait,Middle East and North Africa,6.106,1.904,0.983,0.747,0.617,0.087,0.147,2022,,6.235,5.977,,,,,,,,1.621
49,El Salvador,Latin America and Caribbean,6.12,1.265,0.768,0.607,0.666,0.089,0.212,2022,,6.25,5.99,,,,,,,,2.514
52,Mauritius,Sub-Saharan Africa,6.071,1.591,1.116,0.568,0.589,0.131,0.107,2022,,6.184,5.958,,,,,,,,1.969
51,Hungary,Central and Eastern Europe,6.086,1.748,1.233,0.668,0.485,0.078,0.064,2022,,6.187,5.985,,,,,,,,1.812
66,Colombia,Latin America and Caribbean,5.781,1.452,0.929,0.72,0.545,0.087,0.077,2022,,5.903,5.659,,,,,,,,1.971
54,Japan,East Asia,6.039,1.835,1.089,0.866,0.537,0.007,0.218,2022,,6.119,5.959,,,,,,,,1.487
61,Thailand,Southeast Asia,5.891,1.535,1.096,0.697,0.617,0.321,0.026,2022,,5.994,5.788,,,,,,,,1.6
55,Honduras,Latin America and Caribbean,6.022,1.111,0.885,0.555,0.582,0.202,0.076,2022,,6.189,5.855,,,,,,,,2.611
56,Portugal,Western Europe,6.016,1.76,1.078,0.777,0.655,0.016,0.039,2022,,6.122,5.911,,,,,,,,1.691
57,Argentina,Latin America and Caribbean,5.967,1.592,1.102,0.662,0.555,0.081,0.085,2022,,6.09,5.844,,,,,,,,1.891
58,Greece,Western Europe,5.948,1.703,0.98,0.774,0.249,0.015,0.108,2022,,6.043,5.853,,,,,,,,2.119
59,South Korea,East Asia,5.935,1.851,0.886,0.841,0.414,0.111,0.176,2022,,6.021,5.849,,,,,,,,1.656
60,Philippines,Southeast Asia,5.904,1.268,0.912,0.514,0.678,0.107,0.142,2022,,6.007,5.8,,,,,,,,2.283
62,Moldova,Commonwealth of Independent States,5.857,1.417,1.008,0.597,0.561,0.102,0.028,2022,,5.948,5.766,,,,,,,,2.142
74,Peru,Latin America and Caribbean,5.559,1.397,0.865,0.735,0.545,0.09,0.037,2022,,5.679,5.439,,,,,,,,1.89
64,Kyrgyzstan,Commonwealth of Independent States,5.828,1.069,1.109,0.638,0.693,0.208,0.025,2022,,5.916,5.741,,,,,,,,2.087
67,Bosnia and Herzegovina,Central and Eastern Europe,5.768,1.468,1.068,0.665,0.448,0.244,0.006,2022,,5.877,5.659,,,,,,,,1.869
65,Belarus,Commonwealth of Independent States,5.821,1.562,1.157,0.629,0.342,0.04,0.282,2022,,5.95,5.693,,,,,,,,1.811
76,Ecuador,Latin America and Caribbean,5.533,1.352,0.879,0.708,0.565,0.08,0.083,2022,,5.653,5.414,,,,,,,,1.866
68,Mongolia,East Asia,5.761,1.393,1.197,0.467,0.398,0.247,0.059,2022,,5.845,5.676,,,,,,,,1.999
69,Dominican Republic,Latin America and Caribbean,5.737,1.538,1.003,0.577,0.606,0.084,0.179,2022,,5.873,5.601,,,,,,,,1.751
71,Bolivia,Latin America and Caribbean,5.6,1.256,0.88,0.555,0.627,0.112,0.064,2022,,5.709,5.491,,,,,,,,2.107
70,Malaysia,Southeast Asia,5.711,1.689,0.938,0.62,0.654,0.213,0.126,2022,,5.845,5.578,,,,,,,,1.471
73,Paraguay,Latin America and Caribbean,5.578,1.409,1.13,0.624,0.629,0.171,0.059,2022,,5.689,5.467,,,,,,,,1.555
72,China,East Asia,5.585,1.508,0.958,0.705,0.656,0.099,0.142,2022,,5.65,5.52,,,,,,,,1.516
75,Montenegro,Central and Eastern Europe,5.547,1.573,1.023,0.659,0.46,0.135,0.077,2022,,5.681,5.413,,,,,,,,1.619
79,North Cyprus,Western Europe,5.467,1.815,0.888,0.819,0.523,0.13,0.213,2022,,5.609,5.325,,,,,,,,1.078
80,Russia,Commonwealth of Independent States,5.459,1.685,1.095,0.586,0.401,0.117,0.08,2022,,5.525,5.392,,,,,,,,1.494
77,Vietnam,Southeast Asia,5.485,1.252,0.932,0.611,0.707,0.143,0.105,2022,,5.57,5.4,,,,,,,,1.735
81,Hong Kong S.A.R. of China,East Asia,5.425,1.957,0.954,0.942,0.4,0.147,0.383,2022,,5.501,5.348,,,,,,,,0.642
78,Turkmenistan,Commonwealth of Independent States,5.474,1.484,1.319,0.516,0.649,0.314,0.032,2022,,5.578,5.371,,,,,,,,1.16
83,Tajikistan,Commonwealth of Independent States,5.377,0.966,1.005,0.518,0.572,0.118,0.304,2022,,5.468,5.287,,,,,,,,1.895
86,Libya,Middle East and North Africa,5.33,1.476,0.943,0.606,0.477,0.106,0.179,2022,,5.543,5.118,,,,,,,,1.544
82,Armenia,Commonwealth of Independent States,5.399,1.434,0.82,0.668,0.558,0.054,0.21,2022,,5.519,5.278,,,,,,,,1.654
87,Indonesia,Southeast Asia,5.24,1.382,0.883,0.539,0.62,0.468,0.047,2022,,5.341,5.139,,,,,,,,1.3
84,Nepal,South Asia,5.377,0.984,0.784,0.499,0.519,0.237,0.13,2022,,5.502,5.251,,,,,,,,2.224
85,Bulgaria,Central and Eastern Europe,5.371,1.625,1.163,0.64,0.563,0.123,0.021,2022,,5.485,5.257,,,,,,,,1.235
88,Ivory Coast,Sub-Saharan Africa,5.235,1.094,0.442,0.322,0.451,0.149,0.124,2022,,5.384,5.085,,,,,,,,2.652
89,North Macedonia,Central and Eastern Europe,5.199,1.505,0.863,0.637,0.488,0.215,0.031,2022,,5.303,5.095,,,,,,,,1.461
90,Albania,Central and Eastern Europe,5.199,1.439,0.646,0.719,0.511,0.138,0.028,2022,,5.321,5.076,,,,,,,,1.718
92,Azerbaijan,Commonwealth of Independent States,5.173,1.458,1.093,0.56,0.601,0.023,0.341,2022,,5.265,5.082,,,,,,,,1.098
91,South Africa,Sub-Saharan Africa,5.194,1.425,1.088,0.361,0.442,0.089,0.046,2022,,5.315,5.073,,,,,,,,1.742
102,Cameroon,Sub-Saharan Africa,5.048,0.968,0.672,0.317,0.397,0.152,0.074,2022,,5.188,4.907,,,,,,,,2.469
103,Senegal,Sub-Saharan Africa,5.046,0.933,0.53,0.447,0.494,0.143,0.081,2022,,5.171,4.921,,,,,,,,2.419
93,Gambia,Sub-Saharan Africa,5.164,0.785,0.621,0.369,0.367,0.388,0.103,2022,,5.409,4.918,,,,,,,,2.531
94,Bangladesh,South Asia,5.155,1.06,0.614,0.581,0.622,0.125,0.187,2022,,5.262,5.049,,,,,,,,1.967
95,Laos,Southeast Asia,5.14,1.239,0.654,0.479,0.679,0.197,0.184,2022,,5.263,5.018,,,,,,,,1.709
111,Ghana,Sub-Saharan Africa,4.872,1.112,0.595,0.409,0.5,0.23,0.056,2022,,4.999,4.745,,,,,,,,1.972
96,Algeria,Middle East and North Africa,5.122,1.363,0.97,0.643,0.146,0.106,0.15,2022,,5.215,5.03,,,,,,,,1.744
104,Niger,Sub-Saharan Africa,5.003,0.57,0.56,0.326,0.571,0.165,0.145,2022,,5.247,4.76,,,,,,,,2.667
97,Liberia,Sub-Saharan Africa,5.122,0.636,0.67,0.309,0.405,0.178,0.08,2022,,5.428,4.815,,,,,,,,2.844
98,Ukraine,Commonwealth of Independent States,5.084,1.411,1.081,0.583,0.473,0.188,0.017,2022,,5.19,4.978,,,,,,,,1.331
115,Benin,Sub-Saharan Africa,4.623,0.932,0.064,0.335,0.479,0.127,0.23,2022,,4.754,4.492,,,,,,,,2.458
100,Morocco,Middle East and North Africa,5.06,1.208,0.268,0.565,0.492,0.02,0.102,2022,,5.181,4.938,,,,,,,,2.405
101,Mozambique,Sub-Saharan Africa,5.048,0.578,0.66,0.191,0.593,0.185,0.2,2022,,5.273,4.823,,,,,,,,2.641
109,Guinea,Sub-Saharan Africa,4.891,0.848,0.566,0.275,0.334,0.214,0.116,2022,,5.028,4.753,,,,,,,,2.538
112,Turkey,Middle East and North Africa,4.744,1.707,0.865,0.702,0.209,0.087,0.115,2022,,4.845,4.644,,,,,,,,1.059
105,Georgia,Commonwealth of Independent States,4.973,1.467,0.612,0.595,0.508,0,0.208,2022,,5.079,4.867,,,,,,,,1.583
121,Pakistan,South Asia,4.516,1.049,0.413,0.374,0.448,0.181,0.112,2022,,4.634,4.397,,,,,,,,1.94
106,Gabon,Sub-Saharan Africa,4.958,1.459,0.738,0.396,0.343,0.032,0.099,2022,,5.091,4.826,,,,,,,,1.892
107,Iraq,Middle East and North Africa,4.941,1.289,0.682,0.554,0.328,0.147,0.046,2022,,5.099,4.783,,,,,,,,1.894
108,Venezuela,Latin America and Caribbean,4.925,0,0.968,0.578,0.283,0.225,0.082,2022,,5.051,4.8,,,,,,,,2.79
110,Iran,Middle East and North Africa,4.888,1.41,0.741,0.642,0.281,0.241,0.146,2022,,4.995,4.78,,,,,,,,1.427
113,Burkina Faso,Sub-Saharan Africa,4.67,0.779,0.565,0.32,0.382,0.186,0.126,2022,,4.814,4.527,,,,,,,,2.313
114,Cambodia,Southeast Asia,4.64,1.019,0.732,0.505,0.74,0.166,0.068,2022,,4.765,4.516,,,,,,,,1.41
116,Comoros,Sub-Saharan Africa,4.609,0.899,0.476,0.424,0.185,0.195,0.125,2022,,4.849,4.368,,,,,,,,2.304
118,Nigeria,Sub-Saharan Africa,4.552,1.079,0.732,0.3,0.444,0.175,0.038,2022,,4.651,4.453,,,,,,,,1.784
117,Uganda,Sub-Saharan Africa,4.603,0.777,0.875,0.418,0.402,0.222,0.066,2022,,4.747,4.459,,,,,,,,1.842
123,Mali,Sub-Saharan Africa,4.479,0.792,0.483,0.311,0.35,0.128,0.042,2022,,4.611,4.347,,,,,,,,2.373
119,Kenya,Sub-Saharan Africa,4.543,1.032,0.605,0.401,0.44,0.322,0.082,2022,,4.683,4.403,,,,,,,,1.661
120,Tunisia,Middle East and North Africa,4.516,1.35,0.596,0.656,0.316,0.029,0.029,2022,,4.629,4.403,,,,,,,,1.54
122,Palestinian Territories,Middle East and North Africa,4.483,1.148,0.957,0.521,0.336,0.073,0.079,2022,,4.665,4.3,,,,,,,,1.368
145,Lebanon,Middle East and North Africa,2.955,1.392,0.498,0.631,0.103,0.082,0.034,2022,,3.049,2.862,,,,,,,,0.216
124,Namibia,Sub-Saharan Africa,4.459,1.292,0.877,0.354,0.384,0.067,0.071,2022,,4.593,4.326,,,,,,,,1.414
126,Myanmar,Southeast Asia,4.394,1.038,0.829,0.491,0.513,0.452,0.194,2022,,4.511,4.277,,,,,,,,0.877
127,Sri Lanka,South Asia,4.362,1.415,0.934,0.66,0.529,0.15,0.079,2022,,4.487,4.237,,,,,,,,0.595
134,Jordan,Middle East and North Africa,4.152,1.324,0.724,0.675,0.476,0.058,0.2,2022,,4.276,4.029,,,,,,,,0.695
128,Madagascar,Sub-Saharan Africa,4.339,0.67,0.645,0.378,0.202,0.143,0.154,2022,,4.53,4.148,,,,,,,,2.148
130,Chad,Sub-Saharan Africa,4.251,0.662,0.506,0.225,0.18,0.182,0.077,2022,,4.503,3.999,,,,,,,,2.419
129,Egypt,Middle East and North Africa,4.288,1.388,0.732,0.548,0.469,0.041,0.254,2022,,4.377,4.198,,,,,,,,0.856
131,Ethiopia,Sub-Saharan Africa,4.241,0.788,0.809,0.457,0.472,0.205,0.136,2022,,4.365,4.118,,,,,,,,1.375
132,Yemen,Middle East and North Africa,4.197,0.691,1.043,0.384,0.33,0.09,0.098,2022,,4.384,4.01,,,,,,,,1.561
133,Mauritania,Sub-Saharan Africa,4.153,1.1,0.865,0.45,0.304,0.088,0.138,2022,,4.356,3.95,,,,,,,,1.207
135,Togo,Sub-Saharan Africa,4.112,0.771,0.322,0.36,0.292,0.174,0.132,2022,,4.272,3.953,,,,,,,,2.061
136,India,South Asia,3.777,1.167,0.376,0.471,0.647,0.198,0.123,2022,,3.828,3.726,,,,,,,,0.795
137,Zambia,Sub-Saharan Africa,3.76,0.93,0.577,0.306,0.525,0.203,0.083,2022,,3.902,3.618,,,,,,,,1.135
138,Malawi,Sub-Saharan Africa,3.75,0.648,0.279,0.388,0.477,0.14,0.157,2022,,3.941,3.56,,,,,,,,1.661
140,Sierra Leone,Sub-Saharan Africa,3.574,0.686,0.416,0.273,0.387,0.202,0.055,2022,,3.732,3.416,,,,,,,,1.556
139,Tanzania,Sub-Saharan Africa,3.702,0.848,0.597,0.425,0.578,0.248,0.27,2022,,3.847,3.558,,,,,,,,0.735
141,Lesotho,Sub-Saharan Africa,3.512,0.839,0.848,0,0.419,0.076,0.018,2022,,3.748,3.276,,,,,,,,1.312
142,Botswana,Sub-Saharan Africa,3.471,1.503,0.815,0.28,0.571,0.012,0.102,2022,,3.667,3.275,,,,,,,,0.187
143,Rwanda,Sub-Saharan Africa,3.268,0.785,0.133,0.462,0.621,0.187,0.544,2022,,3.462,3.074,,,,,,,,0.536
144,Zimbabwe,Sub-Saharan Africa,2.995,0.947,0.69,0.27,0.329,0.106,0.105,2022,,3.11,2.88,,,,,,,,0.548
146,Afghanistan,South Asia,2.404,0.758,0,0.289,0,0.089,0.005,2022,,2.469,2.339,,,,,,,,1.263
